label,prop_id,type,floor,z_min,z_max,z_slab_top,real_width_m,real_depth_m,real_x_start_m,real_x_end_m,real_y_start_m,real_y_end_m,real_y_center_m,real_y_m,latitude,longitude
101,101,4S,1,0.0,2.9,3.4,3.0,8.8,72.03,75.03,0.0,8.8,4.4,4.4,20.94951607,79.03017948
CORRIDOR_1,CORRIDOR_1,CORR,1,0.0,2.9,3.4,69.02,2.0,4.51,73.53,8.8,10.8,9.8,9.8,20.94946757,79.02984753
102,102,4S,1,0.0,2.9,3.4,3.0,8.8,69.03,72.03,0.0,8.8,4.4,4.4,20.94951607,79.03015063
103,103,4S,1,0.0,2.9,3.4,3.0,8.8,66.03,69.03,0.0,8.8,4.4,4.4,20.94951607,79.03012177
104,104,4S,1,0.0,2.9,3.4,3.0,8.8,63.03,66.03,0.0,8.8,4.4,4.4,20.94951607,79.03009291
105,105,4S,1,0.0,2.9,3.4,3.0,8.8,60.03,63.03,0.0,8.8,4.4,4.4,20.94951607,79.03006406
106,106,4S,1,0.0,2.9,3.4,3.0,8.8,57.03,60.03,0.0,8.8,4.4,4.4,20.94951607,79.0300352
132,132,4S,1,0.0,2.9,3.4,3.0,8.8,60.03,63.03,10.8,19.6,15.2,15.2,20.94941906,79.03006406
131,131,4S,1,0.0,2.9,3.4,3.0,8.8,57.03,60.03,10.8,19.6,15.2,15.2,20.94941906,79.0300352
LIFT & Stairs,LIFT_STAIRS1,LIFT,1,0.0,2.9,3.4,9.0,6.4,63.03,72.03,10.8,17.2,14.0,14.0,20.94942984,79.03012177
Washroom,WASHROOM1,WASH,1,0.0,2.9,3.4,6.0,6.4,72.03,78.03,10.8,17.2,14.0,14.0,20.94942984,79.03019391
BRIDGE_1,BRIDGE_1,BRIDGE,1,0.0,2.9,3.4,2.63,17.2,54.4,57.03,10.8,28.0,19.4,19.4,20.94938133,79.03000812
130,130,2S,1,0.0,2.9,3.4,3.0,4.0,51.4,54.4,10.8,14.8,12.8,12.8,20.94944062,79.02998104
129,129,2S,1,0.0,2.9,3.4,3.0,4.0,48.4,51.4,10.8,14.8,12.8,12.8,20.94944062,79.02995219
127,127,2S,1,0.0,2.9,3.4,3.01,4.0,42.39,45.4,10.8,14.8,12.8,12.8,20.94944062,79.02989442
128,128,2S,1,0.0,2.9,3.4,3.0,4.0,45.4,48.4,10.8,14.8,12.8,12.8,20.94944062,79.02992333
107,107,2S,1,0.0,2.9,3.4,3.0,4.0,51.4,54.4,4.8,8.8,6.8,6.8,20.94949451,79.02998104
108,108,2S,1,0.0,2.9,3.4,3.0,4.0,48.4,51.4,4.8,8.8,6.8,6.8,20.94949451,79.02995219
110,110,2S,1,0.0,2.9,3.4,3.01,4.0,42.39,45.4,4.8,8.8,6.8,6.8,20.94949451,79.02989442
109,109,2S,1,0.0,2.9,3.4,3.0,4.0,45.4,48.4,4.8,8.8,6.8,6.8,20.94949451,79.02992333
126,126,2S,1,0.0,2.9,3.4,3.0,4.0,34.89,37.89,10.8,14.8,12.8,12.8,20.94944062,79.02982223
125,125,2S,1,0.0,2.9,3.4,3.0,4.0,31.89,34.89,10.8,14.8,12.8,12.8,20.94944062,79.02979338
123,123,2S,1,0.0,2.9,3.4,3.0,4.0,25.89,28.89,10.8,14.8,12.8,12.8,20.94944062,79.02973566
124,124,2S,1,0.0,2.9,3.4,3.0,4.0,28.89,31.89,10.8,14.8,12.8,12.8,20.94944062,79.02976452
111,111,2S,1,0.0,2.9,3.4,3.0,4.0,34.89,37.89,4.8,8.8,6.8,6.8,20.94949451,79.02982223
112,112,2S,1,0.0,2.9,3.4,3.0,4.0,31.89,34.89,4.8,8.8,6.8,6.8,20.94949451,79.02979338
114,114,2S,1,0.0,2.9,3.4,3.0,4.0,25.89,28.89,4.8,8.8,6.8,6.8,20.94949451,79.02973566
113,113,2S,1,0.0,2.9,3.4,3.0,4.0,28.89,31.89,4.8,8.8,6.8,6.8,20.94949451,79.02976452
122,122,2S,1,0.0,2.9,3.4,3.0,4.0,18.39,21.39,10.8,14.8,12.8,12.8,20.94944062,79.02966352
121,121,2S,1,0.0,2.9,3.4,3.0,4.0,15.39,18.39,10.8,14.8,12.8,12.8,20.94944062,79.02963466
119,119,2S,1,0.0,2.9,3.4,3.0,4.0,9.38,12.38,10.8,14.8,12.8,12.8,20.94944062,79.02957685
120,120,2S,1,0.0,2.9,3.4,3.01,4.0,12.38,15.39,10.8,14.8,12.8,12.8,20.94944062,79.02960576
115,115,2S,1,0.0,2.9,3.4,3.0,4.0,18.39,21.39,4.8,8.8,6.8,6.8,20.94949451,79.02966352
116,116,2S,1,0.0,2.9,3.4,3.0,4.0,15.39,18.39,4.8,8.8,6.8,6.8,20.94949451,79.02963466
118,118,2S,1,0.0,2.9,3.4,3.0,4.0,9.38,12.38,4.8,8.8,6.8,6.8,20.94949451,79.02957685
117,117,2S,1,0.0,2.9,3.4,3.01,4.0,12.38,15.39,4.8,8.8,6.8,6.8,20.94949451,79.02960576
BRIDGE_2,BRIDGE_2,BRIDGE,1,0.0,2.9,3.4,4.5,17.2,21.39,25.89,10.8,28.0,19.4,19.4,20.94938133,79.02969959
CORRIDOR_2,CORRIDOR_2,CORR,1,0.0,2.9,3.4,56.08,2.0,4.32,60.4,28.0,30.0,29.0,29.0,20.94929509,79.02978347
133,133,4S,1,0.0,2.9,3.4,3.0,8.8,51.4,54.4,19.2,28.0,23.6,23.6,20.9493436,79.02998104
134,134,4S,1,0.0,2.9,3.4,3.0,8.8,48.4,51.4,19.2,28.0,23.6,23.6,20.9493436,79.02995219
135,135,4S,1,0.0,2.9,3.4,3.0,8.8,45.4,48.4,19.2,28.0,23.6,23.6,20.9493436,79.02992333
136,136,4S,1,0.0,2.9,3.4,3.01,8.8,42.39,45.4,19.2,28.0,23.6,23.6,20.9493436,79.02989442
156,156,4S,1,0.0,2.9,3.4,3.0,8.8,51.4,54.4,30.0,38.8,34.4,34.4,20.94924658,79.02998104
155,155,4S,1,0.0,2.9,3.4,3.0,8.8,48.4,51.4,30.0,38.8,34.4,34.4,20.94924658,79.02995219
154,154,4S,1,0.0,2.9,3.4,3.0,8.8,45.4,48.4,30.0,38.8,34.4,34.4,20.94924658,79.02992333
153,153,4S,1,0.0,2.9,3.4,3.01,8.8,42.39,45.4,30.0,38.8,34.4,34.4,20.94924658,79.02989442
Washroom,WASHROOM2,WASH,1,0.0,2.9,3.4,6.0,6.4,57.03,63.03,30.0,36.4,33.2,33.2,20.94925736,79.03004963
Washroom,WASHROOM3,WASH,1,0.0,2.9,3.4,6.01,6.4,0.0,6.01,2.4,8.8,5.6,5.6,20.94950529,79.0295011
Washroom,WASHROOM4,WASH,1,0.0,2.9,3.4,6.01,6.4,0.0,6.01,30.0,36.4,33.2,33.2,20.94925736,79.0295011
Common Hall,COMMON_HALL,HALL,1,0.0,2.9,3.4,7.87,17.2,1.51,9.38,10.8,28.0,19.4,19.4,20.94938133,79.02952458
152,152,2S,1,0.0,2.9,3.4,3.0,4.0,34.89,37.89,30.0,34.0,32.0,32.0,20.94926814,79.02982223
151,151,2S,1,0.0,2.9,3.4,3.0,4.0,31.89,34.89,30.0,34.0,32.0,32.0,20.94926814,79.02979338
149,149,2S,1,0.0,2.9,3.4,3.0,4.0,25.89,28.89,30.0,34.0,32.0,32.0,20.94926814,79.02973566
150,150,2S,1,0.0,2.9,3.4,3.0,4.0,28.89,31.89,30.0,34.0,32.0,32.0,20.94926814,79.02976452
137,137,2S,1,0.0,2.9,3.4,3.0,4.0,34.89,37.89,24.0,28.0,26.0,26.0,20.94932204,79.02982223
138,138,2S,1,0.0,2.9,3.4,3.0,4.0,31.89,34.89,24.0,28.0,26.0,26.0,20.94932204,79.02979338
140,140,2S,1,0.0,2.9,3.4,3.0,4.0,25.89,28.89,24.0,28.0,26.0,26.0,20.94932204,79.02973566
139,139,2S,1,0.0,2.9,3.4,3.0,4.0,28.89,31.89,24.0,28.0,26.0,26.0,20.94932204,79.02976452
148,148,2S,1,0.0,2.9,3.4,3.0,4.0,18.39,21.39,30.0,34.0,32.0,32.0,20.94926814,79.02966352
147,147,2S,1,0.0,2.9,3.4,3.0,4.0,15.39,18.39,30.0,34.0,32.0,32.0,20.94926814,79.02963466
145,145,2S,1,0.0,2.9,3.4,3.0,4.0,9.38,12.38,30.0,34.0,32.0,32.0,20.94926814,79.02957685
146,146,2S,1,0.0,2.9,3.4,3.01,4.0,12.38,15.39,30.0,34.0,32.0,32.0,20.94926814,79.02960576
141,141,2S,1,0.0,2.9,3.4,3.0,4.0,18.39,21.39,24.0,28.0,26.0,26.0,20.94932204,79.02966352
142,142,2S,1,0.0,2.9,3.4,3.0,4.0,15.39,18.39,24.0,28.0,26.0,26.0,20.94932204,79.02963466
144,144,2S,1,0.0,2.9,3.4,3.0,4.0,9.38,12.38,24.0,28.0,26.0,26.0,20.94932204,79.02957685
143,143,2S,1,0.0,2.9,3.4,3.01,4.0,12.38,15.39,24.0,28.0,26.0,26.0,20.94932204,79.02960576
Stairs,STAIRS1,STR,1,0.0,2.9,3.4,4.5,4.8,37.89,42.39,30.0,34.8,32.4,32.4,20.94926455,79.02985831
Stairs,STAIRS2,STR,1,0.0,2.9,3.4,4.5,4.8,37.89,42.39,10.8,15.6,13.2,13.2,20.94943702,79.02985831
Stairs,STAIRS3,STR,1,0.0,2.9,3.4,3.37,4.8,6.01,9.38,4.0,8.8,6.4,6.4,20.94949811,79.02954622
Stairs,STAIRS4,STR,1,0.0,2.9,3.4,3.37,4.8,6.01,9.38,30.0,34.8,32.4,32.4,20.94926455,79.02954622
201,201,4S,2,3.4,6.3,6.8,3.0,8.8,72.03,75.03,0.0,8.8,4.4,4.4,20.94951607,79.03017948
CORRIDOR_1,CORRIDOR_1,CORR,2,3.4,6.3,6.8,69.02,2.0,4.51,73.53,8.8,10.8,9.8,9.8,20.94946757,79.02984753
202,202,4S,2,3.4,6.3,6.8,3.0,8.8,69.03,72.03,0.0,8.8,4.4,4.4,20.94951607,79.03015063
203,203,4S,2,3.4,6.3,6.8,3.0,8.8,66.03,69.03,0.0,8.8,4.4,4.4,20.94951607,79.03012177
204,204,4S,2,3.4,6.3,6.8,3.0,8.8,63.03,66.03,0.0,8.8,4.4,4.4,20.94951607,79.03009291
205,205,4S,2,3.4,6.3,6.8,3.0,8.8,60.03,63.03,0.0,8.8,4.4,4.4,20.94951607,79.03006406
206,206,4S,2,3.4,6.3,6.8,3.0,8.8,57.03,60.03,0.0,8.8,4.4,4.4,20.94951607,79.0300352
232,232,4S,2,3.4,6.3,6.8,3.0,8.8,60.03,63.03,10.8,19.6,15.2,15.2,20.94941906,79.03006406
231,231,4S,2,3.4,6.3,6.8,3.0,8.8,57.03,60.03,10.8,19.6,15.2,15.2,20.94941906,79.0300352
LIFT & Stairs,LIFT_STAIRS1,LIFT,2,3.4,6.3,6.8,9.0,6.4,63.03,72.03,10.8,17.2,14.0,14.0,20.94942984,79.03012177
Washroom,WASHROOM1,WASH,2,3.4,6.3,6.8,6.0,6.4,72.03,78.03,10.8,17.2,14.0,14.0,20.94942984,79.03019391
BRIDGE_1,BRIDGE_1,BRIDGE,2,3.4,6.3,6.8,2.63,17.2,54.4,57.03,10.8,28.0,19.4,19.4,20.94938133,79.03000812
230,230,2S,2,3.4,6.3,6.8,3.0,4.0,51.4,54.4,10.8,14.8,12.8,12.8,20.94944062,79.02998104
229,229,2S,2,3.4,6.3,6.8,3.0,4.0,48.4,51.4,10.8,14.8,12.8,12.8,20.94944062,79.02995219
227,227,2S,2,3.4,6.3,6.8,3.01,4.0,42.39,45.4,10.8,14.8,12.8,12.8,20.94944062,79.02989442
228,228,2S,2,3.4,6.3,6.8,3.0,4.0,45.4,48.4,10.8,14.8,12.8,12.8,20.94944062,79.02992333
207,207,2S,2,3.4,6.3,6.8,3.0,4.0,51.4,54.4,4.8,8.8,6.8,6.8,20.94949451,79.02998104
208,208,2S,2,3.4,6.3,6.8,3.0,4.0,48.4,51.4,4.8,8.8,6.8,6.8,20.94949451,79.02995219
210,210,2S,2,3.4,6.3,6.8,3.01,4.0,42.39,45.4,4.8,8.8,6.8,6.8,20.94949451,79.02989442
209,209,2S,2,3.4,6.3,6.8,3.0,4.0,45.4,48.4,4.8,8.8,6.8,6.8,20.94949451,79.02992333
226,226,2S,2,3.4,6.3,6.8,3.0,4.0,34.89,37.89,10.8,14.8,12.8,12.8,20.94944062,79.02982223
225,225,2S,2,3.4,6.3,6.8,3.0,4.0,31.89,34.89,10.8,14.8,12.8,12.8,20.94944062,79.02979338
223,223,2S,2,3.4,6.3,6.8,3.0,4.0,25.89,28.89,10.8,14.8,12.8,12.8,20.94944062,79.02973566
224,224,2S,2,3.4,6.3,6.8,3.0,4.0,28.89,31.89,10.8,14.8,12.8,12.8,20.94944062,79.02976452
211,211,2S,2,3.4,6.3,6.8,3.0,4.0,34.89,37.89,4.8,8.8,6.8,6.8,20.94949451,79.02982223
212,212,2S,2,3.4,6.3,6.8,3.0,4.0,31.89,34.89,4.8,8.8,6.8,6.8,20.94949451,79.02979338
214,214,2S,2,3.4,6.3,6.8,3.0,4.0,25.89,28.89,4.8,8.8,6.8,6.8,20.94949451,79.02973566
213,213,2S,2,3.4,6.3,6.8,3.0,4.0,28.89,31.89,4.8,8.8,6.8,6.8,20.94949451,79.02976452
222,222,2S,2,3.4,6.3,6.8,3.0,4.0,18.39,21.39,10.8,14.8,12.8,12.8,20.94944062,79.02966352
221,221,2S,2,3.4,6.3,6.8,3.0,4.0,15.39,18.39,10.8,14.8,12.8,12.8,20.94944062,79.02963466
219,219,2S,2,3.4,6.3,6.8,3.0,4.0,9.38,12.38,10.8,14.8,12.8,12.8,20.94944062,79.02957685
220,220,2S,2,3.4,6.3,6.8,3.01,4.0,12.38,15.39,10.8,14.8,12.8,12.8,20.94944062,79.02960576
215,215,2S,2,3.4,6.3,6.8,3.0,4.0,18.39,21.39,4.8,8.8,6.8,6.8,20.94949451,79.02966352
216,216,2S,2,3.4,6.3,6.8,3.0,4.0,15.39,18.39,4.8,8.8,6.8,6.8,20.94949451,79.02963466
218,218,2S,2,3.4,6.3,6.8,3.0,4.0,9.38,12.38,4.8,8.8,6.8,6.8,20.94949451,79.02957685
217,217,2S,2,3.4,6.3,6.8,3.01,4.0,12.38,15.39,4.8,8.8,6.8,6.8,20.94949451,79.02960576
BRIDGE_2,BRIDGE_2,BRIDGE,2,3.4,6.3,6.8,4.5,17.2,21.39,25.89,10.8,28.0,19.4,19.4,20.94938133,79.02969959
CORRIDOR_2,CORRIDOR_2,CORR,2,3.4,6.3,6.8,56.08,2.0,4.32,60.4,28.0,30.0,29.0,29.0,20.94929509,79.02978347
233,233,4S,2,3.4,6.3,6.8,3.0,8.8,51.4,54.4,19.2,28.0,23.6,23.6,20.9493436,79.02998104
234,234,4S,2,3.4,6.3,6.8,3.0,8.8,48.4,51.4,19.2,28.0,23.6,23.6,20.9493436,79.02995219
235,235,4S,2,3.4,6.3,6.8,3.0,8.8,45.4,48.4,19.2,28.0,23.6,23.6,20.9493436,79.02992333
236,236,4S,2,3.4,6.3,6.8,3.01,8.8,42.39,45.4,19.2,28.0,23.6,23.6,20.9493436,79.02989442
256,256,4S,2,3.4,6.3,6.8,3.0,8.8,51.4,54.4,30.0,38.8,34.4,34.4,20.94924658,79.02998104
255,255,4S,2,3.4,6.3,6.8,3.0,8.8,48.4,51.4,30.0,38.8,34.4,34.4,20.94924658,79.02995219
254,254,4S,2,3.4,6.3,6.8,3.0,8.8,45.4,48.4,30.0,38.8,34.4,34.4,20.94924658,79.02992333
253,253,4S,2,3.4,6.3,6.8,3.01,8.8,42.39,45.4,30.0,38.8,34.4,34.4,20.94924658,79.02989442
Washroom,WASHROOM2,WASH,2,3.4,6.3,6.8,6.0,6.4,57.03,63.03,30.0,36.4,33.2,33.2,20.94925736,79.03004963
Washroom,WASHROOM3,WASH,2,3.4,6.3,6.8,6.01,6.4,0.0,6.01,2.4,8.8,5.6,5.6,20.94950529,79.0295011
Washroom,WASHROOM4,WASH,2,3.4,6.3,6.8,6.01,6.4,0.0,6.01,30.0,36.4,33.2,33.2,20.94925736,79.0295011
Common Hall,COMMON_HALL,HALL,2,3.4,6.3,6.8,7.87,17.2,1.51,9.38,10.8,28.0,19.4,19.4,20.94938133,79.02952458
252,252,2S,2,3.4,6.3,6.8,3.0,4.0,34.89,37.89,30.0,34.0,32.0,32.0,20.94926814,79.02982223
251,251,2S,2,3.4,6.3,6.8,3.0,4.0,31.89,34.89,30.0,34.0,32.0,32.0,20.94926814,79.02979338
249,249,2S,2,3.4,6.3,6.8,3.0,4.0,25.89,28.89,30.0,34.0,32.0,32.0,20.94926814,79.02973566
250,250,2S,2,3.4,6.3,6.8,3.0,4.0,28.89,31.89,30.0,34.0,32.0,32.0,20.94926814,79.02976452
237,237,2S,2,3.4,6.3,6.8,3.0,4.0,34.89,37.89,24.0,28.0,26.0,26.0,20.94932204,79.02982223
238,238,2S,2,3.4,6.3,6.8,3.0,4.0,31.89,34.89,24.0,28.0,26.0,26.0,20.94932204,79.02979338
240,240,2S,2,3.4,6.3,6.8,3.0,4.0,25.89,28.89,24.0,28.0,26.0,26.0,20.94932204,79.02973566
239,239,2S,2,3.4,6.3,6.8,3.0,4.0,28.89,31.89,24.0,28.0,26.0,26.0,20.94932204,79.02976452
248,248,2S,2,3.4,6.3,6.8,3.0,4.0,18.39,21.39,30.0,34.0,32.0,32.0,20.94926814,79.02966352
247,247,2S,2,3.4,6.3,6.8,3.0,4.0,15.39,18.39,30.0,34.0,32.0,32.0,20.94926814,79.02963466
245,245,2S,2,3.4,6.3,6.8,3.0,4.0,9.38,12.38,30.0,34.0,32.0,32.0,20.94926814,79.02957685
246,246,2S,2,3.4,6.3,6.8,3.01,4.0,12.38,15.39,30.0,34.0,32.0,32.0,20.94926814,79.02960576
241,241,2S,2,3.4,6.3,6.8,3.0,4.0,18.39,21.39,24.0,28.0,26.0,26.0,20.94932204,79.02966352
242,242,2S,2,3.4,6.3,6.8,3.0,4.0,15.39,18.39,24.0,28.0,26.0,26.0,20.94932204,79.02963466
244,244,2S,2,3.4,6.3,6.8,3.0,4.0,9.38,12.38,24.0,28.0,26.0,26.0,20.94932204,79.02957685
243,243,2S,2,3.4,6.3,6.8,3.01,4.0,12.38,15.39,24.0,28.0,26.0,26.0,20.94932204,79.02960576
Stairs,STAIRS1,STR,2,3.4,6.3,6.8,4.5,4.8,37.89,42.39,30.0,34.8,32.4,32.4,20.94926455,79.02985831
Stairs,STAIRS2,STR,2,3.4,6.3,6.8,4.5,4.8,37.89,42.39,10.8,15.6,13.2,13.2,20.94943702,79.02985831
Stairs,STAIRS3,STR,2,3.4,6.3,6.8,3.37,4.8,6.01,9.38,4.0,8.8,6.4,6.4,20.94949811,79.02954622
Stairs,STAIRS4,STR,2,3.4,6.3,6.8,3.37,4.8,6.01,9.38,30.0,34.8,32.4,32.4,20.94926455,79.02954622
301,301,4S,3,6.8,9.7,10.2,3.0,8.8,72.03,75.03,0.0,8.8,4.4,4.4,20.94951607,79.03017948
CORRIDOR_1,CORRIDOR_1,CORR,3,6.8,9.7,10.2,69.02,2.0,4.51,73.53,8.8,10.8,9.8,9.8,20.94946757,79.02984753
302,302,4S,3,6.8,9.7,10.2,3.0,8.8,69.03,72.03,0.0,8.8,4.4,4.4,20.94951607,79.03015063
303,303,4S,3,6.8,9.7,10.2,3.0,8.8,66.03,69.03,0.0,8.8,4.4,4.4,20.94951607,79.03012177
304,304,4S,3,6.8,9.7,10.2,3.0,8.8,63.03,66.03,0.0,8.8,4.4,4.4,20.94951607,79.03009291
305,305,4S,3,6.8,9.7,10.2,3.0,8.8,60.03,63.03,0.0,8.8,4.4,4.4,20.94951607,79.03006406
306,306,4S,3,6.8,9.7,10.2,3.0,8.8,57.03,60.03,0.0,8.8,4.4,4.4,20.94951607,79.0300352
332,332,4S,3,6.8,9.7,10.2,3.0,8.8,60.03,63.03,10.8,19.6,15.2,15.2,20.94941906,79.03006406
331,331,4S,3,6.8,9.7,10.2,3.0,8.8,57.03,60.03,10.8,19.6,15.2,15.2,20.94941906,79.0300352
LIFT & Stairs,LIFT_STAIRS1,LIFT,3,6.8,9.7,10.2,9.0,6.4,63.03,72.03,10.8,17.2,14.0,14.0,20.94942984,79.03012177
Washroom,WASHROOM1,WASH,3,6.8,9.7,10.2,6.0,6.4,72.03,78.03,10.8,17.2,14.0,14.0,20.94942984,79.03019391
BRIDGE_1,BRIDGE_1,BRIDGE,3,6.8,9.7,10.2,2.63,17.2,54.4,57.03,10.8,28.0,19.4,19.4,20.94938133,79.03000812
330,330,2S,3,6.8,9.7,10.2,3.0,4.0,51.4,54.4,10.8,14.8,12.8,12.8,20.94944062,79.02998104
329,329,2S,3,6.8,9.7,10.2,3.0,4.0,48.4,51.4,10.8,14.8,12.8,12.8,20.94944062,79.02995219
327,327,2S,3,6.8,9.7,10.2,3.01,4.0,42.39,45.4,10.8,14.8,12.8,12.8,20.94944062,79.02989442
328,328,2S,3,6.8,9.7,10.2,3.0,4.0,45.4,48.4,10.8,14.8,12.8,12.8,20.94944062,79.02992333
307,307,2S,3,6.8,9.7,10.2,3.0,4.0,51.4,54.4,4.8,8.8,6.8,6.8,20.94949451,79.02998104
308,308,2S,3,6.8,9.7,10.2,3.0,4.0,48.4,51.4,4.8,8.8,6.8,6.8,20.94949451,79.02995219
310,310,2S,3,6.8,9.7,10.2,3.01,4.0,42.39,45.4,4.8,8.8,6.8,6.8,20.94949451,79.02989442
309,309,2S,3,6.8,9.7,10.2,3.0,4.0,45.4,48.4,4.8,8.8,6.8,6.8,20.94949451,79.02992333
326,326,2S,3,6.8,9.7,10.2,3.0,4.0,34.89,37.89,10.8,14.8,12.8,12.8,20.94944062,79.02982223
325,325,2S,3,6.8,9.7,10.2,3.0,4.0,31.89,34.89,10.8,14.8,12.8,12.8,20.94944062,79.02979338
323,323,2S,3,6.8,9.7,10.2,3.0,4.0,25.89,28.89,10.8,14.8,12.8,12.8,20.94944062,79.02973566
324,324,2S,3,6.8,9.7,10.2,3.0,4.0,28.89,31.89,10.8,14.8,12.8,12.8,20.94944062,79.02976452
311,311,2S,3,6.8,9.7,10.2,3.0,4.0,34.89,37.89,4.8,8.8,6.8,6.8,20.94949451,79.02982223
312,312,2S,3,6.8,9.7,10.2,3.0,4.0,31.89,34.89,4.8,8.8,6.8,6.8,20.94949451,79.02979338
314,314,2S,3,6.8,9.7,10.2,3.0,4.0,25.89,28.89,4.8,8.8,6.8,6.8,20.94949451,79.02973566
313,313,2S,3,6.8,9.7,10.2,3.0,4.0,28.89,31.89,4.8,8.8,6.8,6.8,20.94949451,79.02976452
322,322,2S,3,6.8,9.7,10.2,3.0,4.0,18.39,21.39,10.8,14.8,12.8,12.8,20.94944062,79.02966352
321,321,2S,3,6.8,9.7,10.2,3.0,4.0,15.39,18.39,10.8,14.8,12.8,12.8,20.94944062,79.02963466
319,319,2S,3,6.8,9.7,10.2,3.0,4.0,9.38,12.38,10.8,14.8,12.8,12.8,20.94944062,79.02957685
320,320,2S,3,6.8,9.7,10.2,3.01,4.0,12.38,15.39,10.8,14.8,12.8,12.8,20.94944062,79.02960576
315,315,2S,3,6.8,9.7,10.2,3.0,4.0,18.39,21.39,4.8,8.8,6.8,6.8,20.94949451,79.02966352
316,316,2S,3,6.8,9.7,10.2,3.0,4.0,15.39,18.39,4.8,8.8,6.8,6.8,20.94949451,79.02963466
318,318,2S,3,6.8,9.7,10.2,3.0,4.0,9.38,12.38,4.8,8.8,6.8,6.8,20.94949451,79.02957685
317,317,2S,3,6.8,9.7,10.2,3.01,4.0,12.38,15.39,4.8,8.8,6.8,6.8,20.94949451,79.02960576
BRIDGE_2,BRIDGE_2,BRIDGE,3,6.8,9.7,10.2,4.5,17.2,21.39,25.89,10.8,28.0,19.4,19.4,20.94938133,79.02969959
CORRIDOR_2,CORRIDOR_2,CORR,3,6.8,9.7,10.2,56.08,2.0,4.32,60.4,28.0,30.0,29.0,29.0,20.94929509,79.02978347
333,333,4S,3,6.8,9.7,10.2,3.0,8.8,51.4,54.4,19.2,28.0,23.6,23.6,20.9493436,79.02998104
334,334,4S,3,6.8,9.7,10.2,3.0,8.8,48.4,51.4,19.2,28.0,23.6,23.6,20.9493436,79.02995219
335,335,4S,3,6.8,9.7,10.2,3.0,8.8,45.4,48.4,19.2,28.0,23.6,23.6,20.9493436,79.02992333
336,336,4S,3,6.8,9.7,10.2,3.01,8.8,42.39,45.4,19.2,28.0,23.6,23.6,20.9493436,79.02989442
356,356,4S,3,6.8,9.7,10.2,3.0,8.8,51.4,54.4,30.0,38.8,34.4,34.4,20.94924658,79.02998104
355,355,4S,3,6.8,9.7,10.2,3.0,8.8,48.4,51.4,30.0,38.8,34.4,34.4,20.94924658,79.02995219
354,354,4S,3,6.8,9.7,10.2,3.0,8.8,45.4,48.4,30.0,38.8,34.4,34.4,20.94924658,79.02992333
353,353,4S,3,6.8,9.7,10.2,3.01,8.8,42.39,45.4,30.0,38.8,34.4,34.4,20.94924658,79.02989442
Washroom,WASHROOM2,WASH,3,6.8,9.7,10.2,6.0,6.4,57.03,63.03,30.0,36.4,33.2,33.2,20.94925736,79.03004963
Washroom,WASHROOM3,WASH,3,6.8,9.7,10.2,6.01,6.4,0.0,6.01,2.4,8.8,5.6,5.6,20.94950529,79.0295011
Washroom,WASHROOM4,WASH,3,6.8,9.7,10.2,6.01,6.4,0.0,6.01,30.0,36.4,33.2,33.2,20.94925736,79.0295011
Common Hall,COMMON_HALL,HALL,3,6.8,9.7,10.2,7.87,17.2,1.51,9.38,10.8,28.0,19.4,19.4,20.94938133,79.02952458
352,352,2S,3,6.8,9.7,10.2,3.0,4.0,34.89,37.89,30.0,34.0,32.0,32.0,20.94926814,79.02982223
351,351,2S,3,6.8,9.7,10.2,3.0,4.0,31.89,34.89,30.0,34.0,32.0,32.0,20.94926814,79.02979338
349,349,2S,3,6.8,9.7,10.2,3.0,4.0,25.89,28.89,30.0,34.0,32.0,32.0,20.94926814,79.02973566
350,350,2S,3,6.8,9.7,10.2,3.0,4.0,28.89,31.89,30.0,34.0,32.0,32.0,20.94926814,79.02976452
337,337,2S,3,6.8,9.7,10.2,3.0,4.0,34.89,37.89,24.0,28.0,26.0,26.0,20.94932204,79.02982223
338,338,2S,3,6.8,9.7,10.2,3.0,4.0,31.89,34.89,24.0,28.0,26.0,26.0,20.94932204,79.02979338
340,340,2S,3,6.8,9.7,10.2,3.0,4.0,25.89,28.89,24.0,28.0,26.0,26.0,20.94932204,79.02973566
339,339,2S,3,6.8,9.7,10.2,3.0,4.0,28.89,31.89,24.0,28.0,26.0,26.0,20.94932204,79.02976452
348,348,2S,3,6.8,9.7,10.2,3.0,4.0,18.39,21.39,30.0,34.0,32.0,32.0,20.94926814,79.02966352
347,347,2S,3,6.8,9.7,10.2,3.0,4.0,15.39,18.39,30.0,34.0,32.0,32.0,20.94926814,79.02963466
345,345,2S,3,6.8,9.7,10.2,3.0,4.0,9.38,12.38,30.0,34.0,32.0,32.0,20.94926814,79.02957685
346,346,2S,3,6.8,9.7,10.2,3.01,4.0,12.38,15.39,30.0,34.0,32.0,32.0,20.94926814,79.02960576
341,341,2S,3,6.8,9.7,10.2,3.0,4.0,18.39,21.39,24.0,28.0,26.0,26.0,20.94932204,79.02966352
342,342,2S,3,6.8,9.7,10.2,3.0,4.0,15.39,18.39,24.0,28.0,26.0,26.0,20.94932204,79.02963466
344,344,2S,3,6.8,9.7,10.2,3.0,4.0,9.38,12.38,24.0,28.0,26.0,26.0,20.94932204,79.02957685
343,343,2S,3,6.8,9.7,10.2,3.01,4.0,12.38,15.39,24.0,28.0,26.0,26.0,20.94932204,79.02960576
Stairs,STAIRS1,STR,3,6.8,9.7,10.2,4.5,4.8,37.89,42.39,30.0,34.8,32.4,32.4,20.94926455,79.02985831
Stairs,STAIRS2,STR,3,6.8,9.7,10.2,4.5,4.8,37.89,42.39,10.8,15.6,13.2,13.2,20.94943702,79.02985831
Stairs,STAIRS3,STR,3,6.8,9.7,10.2,3.37,4.8,6.01,9.38,4.0,8.8,6.4,6.4,20.94949811,79.02954622
Stairs,STAIRS4,STR,3,6.8,9.7,10.2,3.37,4.8,6.01,9.38,30.0,34.8,32.4,32.4,20.94926455,79.02954622
401,401,4S,4,10.2,13.1,13.6,3.0,8.8,72.03,75.03,0.0,8.8,4.4,4.4,20.94951607,79.03017948
CORRIDOR_1,CORRIDOR_1,CORR,4,10.2,13.1,13.6,69.02,2.0,4.51,73.53,8.8,10.8,9.8,9.8,20.94946757,79.02984753
402,402,4S,4,10.2,13.1,13.6,3.0,8.8,69.03,72.03,0.0,8.8,4.4,4.4,20.94951607,79.03015063
403,403,4S,4,10.2,13.1,13.6,3.0,8.8,66.03,69.03,0.0,8.8,4.4,4.4,20.94951607,79.03012177
404,404,4S,4,10.2,13.1,13.6,3.0,8.8,63.03,66.03,0.0,8.8,4.4,4.4,20.94951607,79.03009291
405,405,4S,4,10.2,13.1,13.6,3.0,8.8,60.03,63.03,0.0,8.8,4.4,4.4,20.94951607,79.03006406
406,406,4S,4,10.2,13.1,13.6,3.0,8.8,57.03,60.03,0.0,8.8,4.4,4.4,20.94951607,79.0300352
432,432,4S,4,10.2,13.1,13.6,3.0,8.8,60.03,63.03,10.8,19.6,15.2,15.2,20.94941906,79.03006406
431,431,4S,4,10.2,13.1,13.6,3.0,8.8,57.03,60.03,10.8,19.6,15.2,15.2,20.94941906,79.0300352
LIFT & Stairs,LIFT_STAIRS1,LIFT,4,10.2,13.1,13.6,9.0,6.4,63.03,72.03,10.8,17.2,14.0,14.0,20.94942984,79.03012177
Washroom,WASHROOM1,WASH,4,10.2,13.1,13.6,6.0,6.4,72.03,78.03,10.8,17.2,14.0,14.0,20.94942984,79.03019391
BRIDGE_1,BRIDGE_1,BRIDGE,4,10.2,13.1,13.6,2.63,17.2,54.4,57.03,10.8,28.0,19.4,19.4,20.94938133,79.03000812
430,430,2S,4,10.2,13.1,13.6,3.0,4.0,51.4,54.4,10.8,14.8,12.8,12.8,20.94944062,79.02998104
429,429,2S,4,10.2,13.1,13.6,3.0,4.0,48.4,51.4,10.8,14.8,12.8,12.8,20.94944062,79.02995219
427,427,2S,4,10.2,13.1,13.6,3.01,4.0,42.39,45.4,10.8,14.8,12.8,12.8,20.94944062,79.02989442
428,428,2S,4,10.2,13.1,13.6,3.0,4.0,45.4,48.4,10.8,14.8,12.8,12.8,20.94944062,79.02992333
407,407,2S,4,10.2,13.1,13.6,3.0,4.0,51.4,54.4,4.8,8.8,6.8,6.8,20.94949451,79.02998104
408,408,2S,4,10.2,13.1,13.6,3.0,4.0,48.4,51.4,4.8,8.8,6.8,6.8,20.94949451,79.02995219
410,410,2S,4,10.2,13.1,13.6,3.01,4.0,42.39,45.4,4.8,8.8,6.8,6.8,20.94949451,79.02989442
409,409,2S,4,10.2,13.1,13.6,3.0,4.0,45.4,48.4,4.8,8.8,6.8,6.8,20.94949451,79.02992333
426,426,2S,4,10.2,13.1,13.6,3.0,4.0,34.89,37.89,10.8,14.8,12.8,12.8,20.94944062,79.02982223
425,425,2S,4,10.2,13.1,13.6,3.0,4.0,31.89,34.89,10.8,14.8,12.8,12.8,20.94944062,79.02979338
423,423,2S,4,10.2,13.1,13.6,3.0,4.0,25.89,28.89,10.8,14.8,12.8,12.8,20.94944062,79.02973566
424,424,2S,4,10.2,13.1,13.6,3.0,4.0,28.89,31.89,10.8,14.8,12.8,12.8,20.94944062,79.02976452
411,411,2S,4,10.2,13.1,13.6,3.0,4.0,34.89,37.89,4.8,8.8,6.8,6.8,20.94949451,79.02982223
412,412,2S,4,10.2,13.1,13.6,3.0,4.0,31.89,34.89,4.8,8.8,6.8,6.8,20.94949451,79.02979338
414,414,2S,4,10.2,13.1,13.6,3.0,4.0,25.89,28.89,4.8,8.8,6.8,6.8,20.94949451,79.02973566
413,413,2S,4,10.2,13.1,13.6,3.0,4.0,28.89,31.89,4.8,8.8,6.8,6.8,20.94949451,79.02976452
422,422,2S,4,10.2,13.1,13.6,3.0,4.0,18.39,21.39,10.8,14.8,12.8,12.8,20.94944062,79.02966352
421,421,2S,4,10.2,13.1,13.6,3.0,4.0,15.39,18.39,10.8,14.8,12.8,12.8,20.94944062,79.02963466
419,419,2S,4,10.2,13.1,13.6,3.0,4.0,9.38,12.38,10.8,14.8,12.8,12.8,20.94944062,79.02957685
420,420,2S,4,10.2,13.1,13.6,3.01,4.0,12.38,15.39,10.8,14.8,12.8,12.8,20.94944062,79.02960576
415,415,2S,4,10.2,13.1,13.6,3.0,4.0,18.39,21.39,4.8,8.8,6.8,6.8,20.94949451,79.02966352
416,416,2S,4,10.2,13.1,13.6,3.0,4.0,15.39,18.39,4.8,8.8,6.8,6.8,20.94949451,79.02963466
418,418,2S,4,10.2,13.1,13.6,3.0,4.0,9.38,12.38,4.8,8.8,6.8,6.8,20.94949451,79.02957685
417,417,2S,4,10.2,13.1,13.6,3.01,4.0,12.38,15.39,4.8,8.8,6.8,6.8,20.94949451,79.02960576
BRIDGE_2,BRIDGE_2,BRIDGE,4,10.2,13.1,13.6,4.5,17.2,21.39,25.89,10.8,28.0,19.4,19.4,20.94938133,79.02969959
CORRIDOR_2,CORRIDOR_2,CORR,4,10.2,13.1,13.6,56.08,2.0,4.32,60.4,28.0,30.0,29.0,29.0,20.94929509,79.02978347
433,433,4S,4,10.2,13.1,13.6,3.0,8.8,51.4,54.4,19.2,28.0,23.6,23.6,20.9493436,79.02998104
434,434,4S,4,10.2,13.1,13.6,3.0,8.8,48.4,51.4,19.2,28.0,23.6,23.6,20.9493436,79.02995219
435,435,4S,4,10.2,13.1,13.6,3.0,8.8,45.4,48.4,19.2,28.0,23.6,23.6,20.9493436,79.02992333
436,436,4S,4,10.2,13.1,13.6,3.01,8.8,42.39,45.4,19.2,28.0,23.6,23.6,20.9493436,79.02989442
456,456,4S,4,10.2,13.1,13.6,3.0,8.8,51.4,54.4,30.0,38.8,34.4,34.4,20.94924658,79.02998104
455,455,4S,4,10.2,13.1,13.6,3.0,8.8,48.4,51.4,30.0,38.8,34.4,34.4,20.94924658,79.02995219
454,454,4S,4,10.2,13.1,13.6,3.0,8.8,45.4,48.4,30.0,38.8,34.4,34.4,20.94924658,79.02992333
453,453,4S,4,10.2,13.1,13.6,3.01,8.8,42.39,45.4,30.0,38.8,34.4,34.4,20.94924658,79.02989442
Washroom,WASHROOM2,WASH,4,10.2,13.1,13.6,6.0,6.4,57.03,63.03,30.0,36.4,33.2,33.2,20.94925736,79.03004963
Washroom,WASHROOM3,WASH,4,10.2,13.1,13.6,6.01,6.4,0.0,6.01,2.4,8.8,5.6,5.6,20.94950529,79.0295011
Washroom,WASHROOM4,WASH,4,10.2,13.1,13.6,6.01,6.4,0.0,6.01,30.0,36.4,33.2,33.2,20.94925736,79.0295011
Common Hall,COMMON_HALL,HALL,4,10.2,13.1,13.6,7.87,17.2,1.51,9.38,10.8,28.0,19.4,19.4,20.94938133,79.02952458
452,452,2S,4,10.2,13.1,13.6,3.0,4.0,34.89,37.89,30.0,34.0,32.0,32.0,20.94926814,79.02982223
451,451,2S,4,10.2,13.1,13.6,3.0,4.0,31.89,34.89,30.0,34.0,32.0,32.0,20.94926814,79.02979338
449,449,2S,4,10.2,13.1,13.6,3.0,4.0,25.89,28.89,30.0,34.0,32.0,32.0,20.94926814,79.02973566
450,450,2S,4,10.2,13.1,13.6,3.0,4.0,28.89,31.89,30.0,34.0,32.0,32.0,20.94926814,79.02976452
437,437,2S,4,10.2,13.1,13.6,3.0,4.0,34.89,37.89,24.0,28.0,26.0,26.0,20.94932204,79.02982223
438,438,2S,4,10.2,13.1,13.6,3.0,4.0,31.89,34.89,24.0,28.0,26.0,26.0,20.94932204,79.02979338
440,440,2S,4,10.2,13.1,13.6,3.0,4.0,25.89,28.89,24.0,28.0,26.0,26.0,20.94932204,79.02973566
439,439,2S,4,10.2,13.1,13.6,3.0,4.0,28.89,31.89,24.0,28.0,26.0,26.0,20.94932204,79.02976452
448,448,2S,4,10.2,13.1,13.6,3.0,4.0,18.39,21.39,30.0,34.0,32.0,32.0,20.94926814,79.02966352
447,447,2S,4,10.2,13.1,13.6,3.0,4.0,15.39,18.39,30.0,34.0,32.0,32.0,20.94926814,79.02963466
445,445,2S,4,10.2,13.1,13.6,3.0,4.0,9.38,12.38,30.0,34.0,32.0,32.0,20.94926814,79.02957685
446,446,2S,4,10.2,13.1,13.6,3.01,4.0,12.38,15.39,30.0,34.0,32.0,32.0,20.94926814,79.02960576
441,441,2S,4,10.2,13.1,13.6,3.0,4.0,18.39,21.39,24.0,28.0,26.0,26.0,20.94932204,79.02966352
442,442,2S,4,10.2,13.1,13.6,3.0,4.0,15.39,18.39,24.0,28.0,26.0,26.0,20.94932204,79.02963466
444,444,2S,4,10.2,13.1,13.6,3.0,4.0,9.38,12.38,24.0,28.0,26.0,26.0,20.94932204,79.02957685
443,443,2S,4,10.2,13.1,13.6,3.01,4.0,12.38,15.39,24.0,28.0,26.0,26.0,20.94932204,79.02960576
Stairs,STAIRS1,STR,4,10.2,13.1,13.6,4.5,4.8,37.89,42.39,30.0,34.8,32.4,32.4,20.94926455,79.02985831
Stairs,STAIRS2,STR,4,10.2,13.1,13.6,4.5,4.8,37.89,42.39,10.8,15.6,13.2,13.2,20.94943702,79.02985831
Stairs,STAIRS3,STR,4,10.2,13.1,13.6,3.37,4.8,6.01,9.38,4.0,8.8,6.4,6.4,20.94949811,79.02954622
Stairs,STAIRS4,STR,4,10.2,13.1,13.6,3.37,4.8,6.01,9.38,30.0,34.8,32.4,32.4,20.94926455,79.02954622
501,501,4S,5,13.6,16.5,17.0,3.0,8.8,72.03,75.03,0.0,8.8,4.4,4.4,20.94951607,79.03017948
CORRIDOR_1,CORRIDOR_1,CORR,5,13.6,16.5,17.0,69.02,2.0,4.51,73.53,8.8,10.8,9.8,9.8,20.94946757,79.02984753
502,502,4S,5,13.6,16.5,17.0,3.0,8.8,69.03,72.03,0.0,8.8,4.4,4.4,20.94951607,79.03015063
503,503,4S,5,13.6,16.5,17.0,3.0,8.8,66.03,69.03,0.0,8.8,4.4,4.4,20.94951607,79.03012177
504,504,4S,5,13.6,16.5,17.0,3.0,8.8,63.03,66.03,0.0,8.8,4.4,4.4,20.94951607,79.03009291
505,505,4S,5,13.6,16.5,17.0,3.0,8.8,60.03,63.03,0.0,8.8,4.4,4.4,20.94951607,79.03006406
506,506,4S,5,13.6,16.5,17.0,3.0,8.8,57.03,60.03,0.0,8.8,4.4,4.4,20.94951607,79.0300352
532,532,4S,5,13.6,16.5,17.0,3.0,8.8,60.03,63.03,10.8,19.6,15.2,15.2,20.94941906,79.03006406
531,531,4S,5,13.6,16.5,17.0,3.0,8.8,57.03,60.03,10.8,19.6,15.2,15.2,20.94941906,79.0300352
LIFT & Stairs,LIFT_STAIRS1,LIFT,5,13.6,16.5,17.0,9.0,6.4,63.03,72.03,10.8,17.2,14.0,14.0,20.94942984,79.03012177
Washroom,WASHROOM1,WASH,5,13.6,16.5,17.0,6.0,6.4,72.03,78.03,10.8,17.2,14.0,14.0,20.94942984,79.03019391
BRIDGE_1,BRIDGE_1,BRIDGE,5,13.6,16.5,17.0,2.63,17.2,54.4,57.03,10.8,28.0,19.4,19.4,20.94938133,79.03000812
530,530,2S,5,13.6,16.5,17.0,3.0,4.0,51.4,54.4,10.8,14.8,12.8,12.8,20.94944062,79.02998104
529,529,2S,5,13.6,16.5,17.0,3.0,4.0,48.4,51.4,10.8,14.8,12.8,12.8,20.94944062,79.02995219
527,527,2S,5,13.6,16.5,17.0,3.01,4.0,42.39,45.4,10.8,14.8,12.8,12.8,20.94944062,79.02989442
528,528,2S,5,13.6,16.5,17.0,3.0,4.0,45.4,48.4,10.8,14.8,12.8,12.8,20.94944062,79.02992333
507,507,2S,5,13.6,16.5,17.0,3.0,4.0,51.4,54.4,4.8,8.8,6.8,6.8,20.94949451,79.02998104
508,508,2S,5,13.6,16.5,17.0,3.0,4.0,48.4,51.4,4.8,8.8,6.8,6.8,20.94949451,79.02995219
510,510,2S,5,13.6,16.5,17.0,3.01,4.0,42.39,45.4,4.8,8.8,6.8,6.8,20.94949451,79.02989442
509,509,2S,5,13.6,16.5,17.0,3.0,4.0,45.4,48.4,4.8,8.8,6.8,6.8,20.94949451,79.02992333
526,526,2S,5,13.6,16.5,17.0,3.0,4.0,34.89,37.89,10.8,14.8,12.8,12.8,20.94944062,79.02982223
525,525,2S,5,13.6,16.5,17.0,3.0,4.0,31.89,34.89,10.8,14.8,12.8,12.8,20.94944062,79.02979338
523,523,2S,5,13.6,16.5,17.0,3.0,4.0,25.89,28.89,10.8,14.8,12.8,12.8,20.94944062,79.02973566
524,524,2S,5,13.6,16.5,17.0,3.0,4.0,28.89,31.89,10.8,14.8,12.8,12.8,20.94944062,79.02976452
511,511,2S,5,13.6,16.5,17.0,3.0,4.0,34.89,37.89,4.8,8.8,6.8,6.8,20.94949451,79.02982223
512,512,2S,5,13.6,16.5,17.0,3.0,4.0,31.89,34.89,4.8,8.8,6.8,6.8,20.94949451,79.02979338
514,514,2S,5,13.6,16.5,17.0,3.0,4.0,25.89,28.89,4.8,8.8,6.8,6.8,20.94949451,79.02973566
513,513,2S,5,13.6,16.5,17.0,3.0,4.0,28.89,31.89,4.8,8.8,6.8,6.8,20.94949451,79.02976452
522,522,2S,5,13.6,16.5,17.0,3.0,4.0,18.39,21.39,10.8,14.8,12.8,12.8,20.94944062,79.02966352
521,521,2S,5,13.6,16.5,17.0,3.0,4.0,15.39,18.39,10.8,14.8,12.8,12.8,20.94944062,79.02963466
519,519,2S,5,13.6,16.5,17.0,3.0,4.0,9.38,12.38,10.8,14.8,12.8,12.8,20.94944062,79.02957685
520,520,2S,5,13.6,16.5,17.0,3.01,4.0,12.38,15.39,10.8,14.8,12.8,12.8,20.94944062,79.02960576
515,515,2S,5,13.6,16.5,17.0,3.0,4.0,18.39,21.39,4.8,8.8,6.8,6.8,20.94949451,79.02966352
516,516,2S,5,13.6,16.5,17.0,3.0,4.0,15.39,18.39,4.8,8.8,6.8,6.8,20.94949451,79.02963466
518,518,2S,5,13.6,16.5,17.0,3.0,4.0,9.38,12.38,4.8,8.8,6.8,6.8,20.94949451,79.02957685
517,517,2S,5,13.6,16.5,17.0,3.01,4.0,12.38,15.39,4.8,8.8,6.8,6.8,20.94949451,79.02960576
BRIDGE_2,BRIDGE_2,BRIDGE,5,13.6,16.5,17.0,4.5,17.2,21.39,25.89,10.8,28.0,19.4,19.4,20.94938133,79.02969959
CORRIDOR_2,CORRIDOR_2,CORR,5,13.6,16.5,17.0,56.08,2.0,4.32,60.4,28.0,30.0,29.0,29.0,20.94929509,79.02978347
533,533,4S,5,13.6,16.5,17.0,3.0,8.8,51.4,54.4,19.2,28.0,23.6,23.6,20.9493436,79.02998104
534,534,4S,5,13.6,16.5,17.0,3.0,8.8,48.4,51.4,19.2,28.0,23.6,23.6,20.9493436,79.02995219
535,535,4S,5,13.6,16.5,17.0,3.0,8.8,45.4,48.4,19.2,28.0,23.6,23.6,20.9493436,79.02992333
536,536,4S,5,13.6,16.5,17.0,3.01,8.8,42.39,45.4,19.2,28.0,23.6,23.6,20.9493436,79.02989442
556,556,4S,5,13.6,16.5,17.0,3.0,8.8,51.4,54.4,30.0,38.8,34.4,34.4,20.94924658,79.02998104
555,555,4S,5,13.6,16.5,17.0,3.0,8.8,48.4,51.4,30.0,38.8,34.4,34.4,20.94924658,79.02995219
554,554,4S,5,13.6,16.5,17.0,3.0,8.8,45.4,48.4,30.0,38.8,34.4,34.4,20.94924658,79.02992333
553,553,4S,5,13.6,16.5,17.0,3.01,8.8,42.39,45.4,30.0,38.8,34.4,34.4,20.94924658,79.02989442
Washroom,WASHROOM2,WASH,5,13.6,16.5,17.0,6.0,6.4,57.03,63.03,30.0,36.4,33.2,33.2,20.94925736,79.03004963
Washroom,WASHROOM3,WASH,5,13.6,16.5,17.0,6.01,6.4,0.0,6.01,2.4,8.8,5.6,5.6,20.94950529,79.0295011
Washroom,WASHROOM4,WASH,5,13.6,16.5,17.0,6.01,6.4,0.0,6.01,30.0,36.4,33.2,33.2,20.94925736,79.0295011
Common Hall,COMMON_HALL,HALL,5,13.6,16.5,17.0,7.87,17.2,1.51,9.38,10.8,28.0,19.4,19.4,20.94938133,79.02952458
552,552,2S,5,13.6,16.5,17.0,3.0,4.0,34.89,37.89,30.0,34.0,32.0,32.0,20.94926814,79.02982223
551,551,2S,5,13.6,16.5,17.0,3.0,4.0,31.89,34.89,30.0,34.0,32.0,32.0,20.94926814,79.02979338
549,549,2S,5,13.6,16.5,17.0,3.0,4.0,25.89,28.89,30.0,34.0,32.0,32.0,20.94926814,79.02973566
550,550,2S,5,13.6,16.5,17.0,3.0,4.0,28.89,31.89,30.0,34.0,32.0,32.0,20.94926814,79.02976452
537,537,2S,5,13.6,16.5,17.0,3.0,4.0,34.89,37.89,24.0,28.0,26.0,26.0,20.94932204,79.02982223
538,538,2S,5,13.6,16.5,17.0,3.0,4.0,31.89,34.89,24.0,28.0,26.0,26.0,20.94932204,79.02979338
540,540,2S,5,13.6,16.5,17.0,3.0,4.0,25.89,28.89,24.0,28.0,26.0,26.0,20.94932204,79.02973566
539,539,2S,5,13.6,16.5,17.0,3.0,4.0,28.89,31.89,24.0,28.0,26.0,26.0,20.94932204,79.02976452
548,548,2S,5,13.6,16.5,17.0,3.0,4.0,18.39,21.39,30.0,34.0,32.0,32.0,20.94926814,79.02966352
547,547,2S,5,13.6,16.5,17.0,3.0,4.0,15.39,18.39,30.0,34.0,32.0,32.0,20.94926814,79.02963466
545,545,2S,5,13.6,16.5,17.0,3.0,4.0,9.38,12.38,30.0,34.0,32.0,32.0,20.94926814,79.02957685
546,546,2S,5,13.6,16.5,17.0,3.01,4.0,12.38,15.39,30.0,34.0,32.0,32.0,20.94926814,79.02960576
541,541,2S,5,13.6,16.5,17.0,3.0,4.0,18.39,21.39,24.0,28.0,26.0,26.0,20.94932204,79.02966352
542,542,2S,5,13.6,16.5,17.0,3.0,4.0,15.39,18.39,24.0,28.0,26.0,26.0,20.94932204,79.02963466
544,544,2S,5,13.6,16.5,17.0,3.0,4.0,9.38,12.38,24.0,28.0,26.0,26.0,20.94932204,79.02957685
543,543,2S,5,13.6,16.5,17.0,3.01,4.0,12.38,15.39,24.0,28.0,26.0,26.0,20.94932204,79.02960576
Stairs,STAIRS1,STR,5,13.6,16.5,17.0,4.5,4.8,37.89,42.39,30.0,34.8,32.4,32.4,20.94926455,79.02985831
Stairs,STAIRS2,STR,5,13.6,16.5,17.0,4.5,4.8,37.89,42.39,10.8,15.6,13.2,13.2,20.94943702,79.02985831
Stairs,STAIRS3,STR,5,13.6,16.5,17.0,3.37,4.8,6.01,9.38,4.0,8.8,6.4,6.4,20.94949811,79.02954622
Stairs,STAIRS4,STR,5,13.6,16.5,17.0,3.37,4.8,6.01,9.38,30.0,34.8,32.4,32.4,20.94926455,79.02954622
601,601,4S,6,17.0,19.9,20.4,3.0,8.8,72.03,75.03,0.0,8.8,4.4,4.4,20.94951607,79.03017948
CORRIDOR_1,CORRIDOR_1,CORR,6,17.0,19.9,20.4,69.02,2.0,4.51,73.53,8.8,10.8,9.8,9.8,20.94946757,79.02984753
602,602,4S,6,17.0,19.9,20.4,3.0,8.8,69.03,72.03,0.0,8.8,4.4,4.4,20.94951607,79.03015063
603,603,4S,6,17.0,19.9,20.4,3.0,8.8,66.03,69.03,0.0,8.8,4.4,4.4,20.94951607,79.03012177
604,604,4S,6,17.0,19.9,20.4,3.0,8.8,63.03,66.03,0.0,8.8,4.4,4.4,20.94951607,79.03009291
605,605,4S,6,17.0,19.9,20.4,3.0,8.8,60.03,63.03,0.0,8.8,4.4,4.4,20.94951607,79.03006406
606,606,4S,6,17.0,19.9,20.4,3.0,8.8,57.03,60.03,0.0,8.8,4.4,4.4,20.94951607,79.0300352
632,632,4S,6,17.0,19.9,20.4,3.0,8.8,60.03,63.03,10.8,19.6,15.2,15.2,20.94941906,79.03006406
631,631,4S,6,17.0,19.9,20.4,3.0,8.8,57.03,60.03,10.8,19.6,15.2,15.2,20.94941906,79.0300352
LIFT & Stairs,LIFT_STAIRS1,LIFT,6,17.0,19.9,20.4,9.0,6.4,63.03,72.03,10.8,17.2,14.0,14.0,20.94942984,79.03012177
Washroom,WASHROOM1,WASH,6,17.0,19.9,20.4,6.0,6.4,72.03,78.03,10.8,17.2,14.0,14.0,20.94942984,79.03019391
BRIDGE_1,BRIDGE_1,BRIDGE,6,17.0,19.9,20.4,2.63,17.2,54.4,57.03,10.8,28.0,19.4,19.4,20.94938133,79.03000812
630,630,2S,6,17.0,19.9,20.4,3.0,4.0,51.4,54.4,10.8,14.8,12.8,12.8,20.94944062,79.02998104
629,629,2S,6,17.0,19.9,20.4,3.0,4.0,48.4,51.4,10.8,14.8,12.8,12.8,20.94944062,79.02995219
627,627,2S,6,17.0,19.9,20.4,3.01,4.0,42.39,45.4,10.8,14.8,12.8,12.8,20.94944062,79.02989442
628,628,2S,6,17.0,19.9,20.4,3.0,4.0,45.4,48.4,10.8,14.8,12.8,12.8,20.94944062,79.02992333
607,607,2S,6,17.0,19.9,20.4,3.0,4.0,51.4,54.4,4.8,8.8,6.8,6.8,20.94949451,79.02998104
608,608,2S,6,17.0,19.9,20.4,3.0,4.0,48.4,51.4,4.8,8.8,6.8,6.8,20.94949451,79.02995219
610,610,2S,6,17.0,19.9,20.4,3.01,4.0,42.39,45.4,4.8,8.8,6.8,6.8,20.94949451,79.02989442
609,609,2S,6,17.0,19.9,20.4,3.0,4.0,45.4,48.4,4.8,8.8,6.8,6.8,20.94949451,79.02992333
626,626,2S,6,17.0,19.9,20.4,3.0,4.0,34.89,37.89,10.8,14.8,12.8,12.8,20.94944062,79.02982223
625,625,2S,6,17.0,19.9,20.4,3.0,4.0,31.89,34.89,10.8,14.8,12.8,12.8,20.94944062,79.02979338
623,623,2S,6,17.0,19.9,20.4,3.0,4.0,25.89,28.89,10.8,14.8,12.8,12.8,20.94944062,79.02973566
624,624,2S,6,17.0,19.9,20.4,3.0,4.0,28.89,31.89,10.8,14.8,12.8,12.8,20.94944062,79.02976452
611,611,2S,6,17.0,19.9,20.4,3.0,4.0,34.89,37.89,4.8,8.8,6.8,6.8,20.94949451,79.02982223
612,612,2S,6,17.0,19.9,20.4,3.0,4.0,31.89,34.89,4.8,8.8,6.8,6.8,20.94949451,79.02979338
614,614,2S,6,17.0,19.9,20.4,3.0,4.0,25.89,28.89,4.8,8.8,6.8,6.8,20.94949451,79.02973566
613,613,2S,6,17.0,19.9,20.4,3.0,4.0,28.89,31.89,4.8,8.8,6.8,6.8,20.94949451,79.02976452
622,622,2S,6,17.0,19.9,20.4,3.0,4.0,18.39,21.39,10.8,14.8,12.8,12.8,20.94944062,79.02966352
621,621,2S,6,17.0,19.9,20.4,3.0,4.0,15.39,18.39,10.8,14.8,12.8,12.8,20.94944062,79.02963466
619,619,2S,6,17.0,19.9,20.4,3.0,4.0,9.38,12.38,10.8,14.8,12.8,12.8,20.94944062,79.02957685
620,620,2S,6,17.0,19.9,20.4,3.01,4.0,12.38,15.39,10.8,14.8,12.8,12.8,20.94944062,79.02960576
615,615,2S,6,17.0,19.9,20.4,3.0,4.0,18.39,21.39,4.8,8.8,6.8,6.8,20.94949451,79.02966352
616,616,2S,6,17.0,19.9,20.4,3.0,4.0,15.39,18.39,4.8,8.8,6.8,6.8,20.94949451,79.02963466
618,618,2S,6,17.0,19.9,20.4,3.0,4.0,9.38,12.38,4.8,8.8,6.8,6.8,20.94949451,79.02957685
617,617,2S,6,17.0,19.9,20.4,3.01,4.0,12.38,15.39,4.8,8.8,6.8,6.8,20.94949451,79.02960576
BRIDGE_2,BRIDGE_2,BRIDGE,6,17.0,19.9,20.4,4.5,17.2,21.39,25.89,10.8,28.0,19.4,19.4,20.94938133,79.02969959
CORRIDOR_2,CORRIDOR_2,CORR,6,17.0,19.9,20.4,56.08,2.0,4.32,60.4,28.0,30.0,29.0,29.0,20.94929509,79.02978347
633,633,4S,6,17.0,19.9,20.4,3.0,8.8,51.4,54.4,19.2,28.0,23.6,23.6,20.9493436,79.02998104
634,634,4S,6,17.0,19.9,20.4,3.0,8.8,48.4,51.4,19.2,28.0,23.6,23.6,20.9493436,79.02995219
635,635,4S,6,17.0,19.9,20.4,3.0,8.8,45.4,48.4,19.2,28.0,23.6,23.6,20.9493436,79.02992333
636,636,4S,6,17.0,19.9,20.4,3.01,8.8,42.39,45.4,19.2,28.0,23.6,23.6,20.9493436,79.02989442
656,656,4S,6,17.0,19.9,20.4,3.0,8.8,51.4,54.4,30.0,38.8,34.4,34.4,20.94924658,79.02998104
655,655,4S,6,17.0,19.9,20.4,3.0,8.8,48.4,51.4,30.0,38.8,34.4,34.4,20.94924658,79.02995219
654,654,4S,6,17.0,19.9,20.4,3.0,8.8,45.4,48.4,30.0,38.8,34.4,34.4,20.94924658,79.02992333
653,653,4S,6,17.0,19.9,20.4,3.01,8.8,42.39,45.4,30.0,38.8,34.4,34.4,20.94924658,79.02989442
Washroom,WASHROOM2,WASH,6,17.0,19.9,20.4,6.0,6.4,57.03,63.03,30.0,36.4,33.2,33.2,20.94925736,79.03004963
Washroom,WASHROOM3,WASH,6,17.0,19.9,20.4,6.01,6.4,0.0,6.01,2.4,8.8,5.6,5.6,20.94950529,79.0295011
Washroom,WASHROOM4,WASH,6,17.0,19.9,20.4,6.01,6.4,0.0,6.01,30.0,36.4,33.2,33.2,20.94925736,79.0295011
Common Hall,COMMON_HALL,HALL,6,17.0,19.9,20.4,7.87,17.2,1.51,9.38,10.8,28.0,19.4,19.4,20.94938133,79.02952458
652,652,2S,6,17.0,19.9,20.4,3.0,4.0,34.89,37.89,30.0,34.0,32.0,32.0,20.94926814,79.02982223
651,651,2S,6,17.0,19.9,20.4,3.0,4.0,31.89,34.89,30.0,34.0,32.0,32.0,20.94926814,79.02979338
649,649,2S,6,17.0,19.9,20.4,3.0,4.0,25.89,28.89,30.0,34.0,32.0,32.0,20.94926814,79.02973566
650,650,2S,6,17.0,19.9,20.4,3.0,4.0,28.89,31.89,30.0,34.0,32.0,32.0,20.94926814,79.02976452
637,637,2S,6,17.0,19.9,20.4,3.0,4.0,34.89,37.89,24.0,28.0,26.0,26.0,20.94932204,79.02982223
638,638,2S,6,17.0,19.9,20.4,3.0,4.0,31.89,34.89,24.0,28.0,26.0,26.0,20.94932204,79.02979338
640,640,2S,6,17.0,19.9,20.4,3.0,4.0,25.89,28.89,24.0,28.0,26.0,26.0,20.94932204,79.02973566
639,639,2S,6,17.0,19.9,20.4,3.0,4.0,28.89,31.89,24.0,28.0,26.0,26.0,20.94932204,79.02976452
648,648,2S,6,17.0,19.9,20.4,3.0,4.0,18.39,21.39,30.0,34.0,32.0,32.0,20.94926814,79.02966352
647,647,2S,6,17.0,19.9,20.4,3.0,4.0,15.39,18.39,30.0,34.0,32.0,32.0,20.94926814,79.02963466
645,645,2S,6,17.0,19.9,20.4,3.0,4.0,9.38,12.38,30.0,34.0,32.0,32.0,20.94926814,79.02957685
646,646,2S,6,17.0,19.9,20.4,3.01,4.0,12.38,15.39,30.0,34.0,32.0,32.0,20.94926814,79.02960576
641,641,2S,6,17.0,19.9,20.4,3.0,4.0,18.39,21.39,24.0,28.0,26.0,26.0,20.94932204,79.02966352
642,642,2S,6,17.0,19.9,20.4,3.0,4.0,15.39,18.39,24.0,28.0,26.0,26.0,20.94932204,79.02963466
644,644,2S,6,17.0,19.9,20.4,3.0,4.0,9.38,12.38,24.0,28.0,26.0,26.0,20.94932204,79.02957685
643,643,2S,6,17.0,19.9,20.4,3.01,4.0,12.38,15.39,24.0,28.0,26.0,26.0,20.94932204,79.02960576
Stairs,STAIRS1,STR,6,17.0,19.9,20.4,4.5,4.8,37.89,42.39,30.0,34.8,32.4,32.4,20.94926455,79.02985831
Stairs,STAIRS2,STR,6,17.0,19.9,20.4,4.5,4.8,37.89,42.39,10.8,15.6,13.2,13.2,20.94943702,79.02985831
Stairs,STAIRS3,STR,6,17.0,19.9,20.4,3.37,4.8,6.01,9.38,4.0,8.8,6.4,6.4,20.94949811,79.02954622
Stairs,STAIRS4,STR,6,17.0,19.9,20.4,3.37,4.8,6.01,9.38,30.0,34.8,32.4,32.4,20.94926455,79.02954622
701,701,4S,7,20.4,23.3,23.8,3.0,8.8,72.03,75.03,0.0,8.8,4.4,4.4,20.94951607,79.03017948
CORRIDOR_1,CORRIDOR_1,CORR,7,20.4,23.3,23.8,69.02,2.0,4.51,73.53,8.8,10.8,9.8,9.8,20.94946757,79.02984753
702,702,4S,7,20.4,23.3,23.8,3.0,8.8,69.03,72.03,0.0,8.8,4.4,4.4,20.94951607,79.03015063
703,703,4S,7,20.4,23.3,23.8,3.0,8.8,66.03,69.03,0.0,8.8,4.4,4.4,20.94951607,79.03012177
704,704,4S,7,20.4,23.3,23.8,3.0,8.8,63.03,66.03,0.0,8.8,4.4,4.4,20.94951607,79.03009291
705,705,4S,7,20.4,23.3,23.8,3.0,8.8,60.03,63.03,0.0,8.8,4.4,4.4,20.94951607,79.03006406
706,706,4S,7,20.4,23.3,23.8,3.0,8.8,57.03,60.03,0.0,8.8,4.4,4.4,20.94951607,79.0300352
732,732,4S,7,20.4,23.3,23.8,3.0,8.8,60.03,63.03,10.8,19.6,15.2,15.2,20.94941906,79.03006406
731,731,4S,7,20.4,23.3,23.8,3.0,8.8,57.03,60.03,10.8,19.6,15.2,15.2,20.94941906,79.0300352
LIFT & Stairs,LIFT_STAIRS1,LIFT,7,20.4,23.3,23.8,9.0,6.4,63.03,72.03,10.8,17.2,14.0,14.0,20.94942984,79.03012177
Washroom,WASHROOM1,WASH,7,20.4,23.3,23.8,6.0,6.4,72.03,78.03,10.8,17.2,14.0,14.0,20.94942984,79.03019391
BRIDGE_1,BRIDGE_1,BRIDGE,7,20.4,23.3,23.8,2.63,17.2,54.4,57.03,10.8,28.0,19.4,19.4,20.94938133,79.03000812
730,730,2S,7,20.4,23.3,23.8,3.0,4.0,51.4,54.4,10.8,14.8,12.8,12.8,20.94944062,79.02998104
729,729,2S,7,20.4,23.3,23.8,3.0,4.0,48.4,51.4,10.8,14.8,12.8,12.8,20.94944062,79.02995219
727,727,2S,7,20.4,23.3,23.8,3.01,4.0,42.39,45.4,10.8,14.8,12.8,12.8,20.94944062,79.02989442
728,728,2S,7,20.4,23.3,23.8,3.0,4.0,45.4,48.4,10.8,14.8,12.8,12.8,20.94944062,79.02992333
707,707,2S,7,20.4,23.3,23.8,3.0,4.0,51.4,54.4,4.8,8.8,6.8,6.8,20.94949451,79.02998104
708,708,2S,7,20.4,23.3,23.8,3.0,4.0,48.4,51.4,4.8,8.8,6.8,6.8,20.94949451,79.02995219
710,710,2S,7,20.4,23.3,23.8,3.01,4.0,42.39,45.4,4.8,8.8,6.8,6.8,20.94949451,79.02989442
709,709,2S,7,20.4,23.3,23.8,3.0,4.0,45.4,48.4,4.8,8.8,6.8,6.8,20.94949451,79.02992333
726,726,2S,7,20.4,23.3,23.8,3.0,4.0,34.89,37.89,10.8,14.8,12.8,12.8,20.94944062,79.02982223
725,725,2S,7,20.4,23.3,23.8,3.0,4.0,31.89,34.89,10.8,14.8,12.8,12.8,20.94944062,79.02979338
723,723,2S,7,20.4,23.3,23.8,3.0,4.0,25.89,28.89,10.8,14.8,12.8,12.8,20.94944062,79.02973566
724,724,2S,7,20.4,23.3,23.8,3.0,4.0,28.89,31.89,10.8,14.8,12.8,12.8,20.94944062,79.02976452
711,711,2S,7,20.4,23.3,23.8,3.0,4.0,34.89,37.89,4.8,8.8,6.8,6.8,20.94949451,79.02982223
712,712,2S,7,20.4,23.3,23.8,3.0,4.0,31.89,34.89,4.8,8.8,6.8,6.8,20.94949451,79.02979338
714,714,2S,7,20.4,23.3,23.8,3.0,4.0,25.89,28.89,4.8,8.8,6.8,6.8,20.94949451,79.02973566
713,713,2S,7,20.4,23.3,23.8,3.0,4.0,28.89,31.89,4.8,8.8,6.8,6.8,20.94949451,79.02976452
722,722,2S,7,20.4,23.3,23.8,3.0,4.0,18.39,21.39,10.8,14.8,12.8,12.8,20.94944062,79.02966352
721,721,2S,7,20.4,23.3,23.8,3.0,4.0,15.39,18.39,10.8,14.8,12.8,12.8,20.94944062,79.02963466
719,719,2S,7,20.4,23.3,23.8,3.0,4.0,9.38,12.38,10.8,14.8,12.8,12.8,20.94944062,79.02957685
720,720,2S,7,20.4,23.3,23.8,3.01,4.0,12.38,15.39,10.8,14.8,12.8,12.8,20.94944062,79.02960576
715,715,2S,7,20.4,23.3,23.8,3.0,4.0,18.39,21.39,4.8,8.8,6.8,6.8,20.94949451,79.02966352
716,716,2S,7,20.4,23.3,23.8,3.0,4.0,15.39,18.39,4.8,8.8,6.8,6.8,20.94949451,79.02963466
718,718,2S,7,20.4,23.3,23.8,3.0,4.0,9.38,12.38,4.8,8.8,6.8,6.8,20.94949451,79.02957685
717,717,2S,7,20.4,23.3,23.8,3.01,4.0,12.38,15.39,4.8,8.8,6.8,6.8,20.94949451,79.02960576
BRIDGE_2,BRIDGE_2,BRIDGE,7,20.4,23.3,23.8,4.5,17.2,21.39,25.89,10.8,28.0,19.4,19.4,20.94938133,79.02969959
CORRIDOR_2,CORRIDOR_2,CORR,7,20.4,23.3,23.8,56.08,2.0,4.32,60.4,28.0,30.0,29.0,29.0,20.94929509,79.02978347
733,733,4S,7,20.4,23.3,23.8,3.0,8.8,51.4,54.4,19.2,28.0,23.6,23.6,20.9493436,79.02998104
734,734,4S,7,20.4,23.3,23.8,3.0,8.8,48.4,51.4,19.2,28.0,23.6,23.6,20.9493436,79.02995219
735,735,4S,7,20.4,23.3,23.8,3.0,8.8,45.4,48.4,19.2,28.0,23.6,23.6,20.9493436,79.02992333
736,736,4S,7,20.4,23.3,23.8,3.01,8.8,42.39,45.4,19.2,28.0,23.6,23.6,20.9493436,79.02989442
756,756,4S,7,20.4,23.3,23.8,3.0,8.8,51.4,54.4,30.0,38.8,34.4,34.4,20.94924658,79.02998104
755,755,4S,7,20.4,23.3,23.8,3.0,8.8,48.4,51.4,30.0,38.8,34.4,34.4,20.94924658,79.02995219
754,754,4S,7,20.4,23.3,23.8,3.0,8.8,45.4,48.4,30.0,38.8,34.4,34.4,20.94924658,79.02992333
753,753,4S,7,20.4,23.3,23.8,3.01,8.8,42.39,45.4,30.0,38.8,34.4,34.4,20.94924658,79.02989442
Washroom,WASHROOM2,WASH,7,20.4,23.3,23.8,6.0,6.4,57.03,63.03,30.0,36.4,33.2,33.2,20.94925736,79.03004963
Washroom,WASHROOM3,WASH,7,20.4,23.3,23.8,6.01,6.4,0.0,6.01,2.4,8.8,5.6,5.6,20.94950529,79.0295011
Washroom,WASHROOM4,WASH,7,20.4,23.3,23.8,6.01,6.4,0.0,6.01,30.0,36.4,33.2,33.2,20.94925736,79.0295011
Common Hall,COMMON_HALL,HALL,7,20.4,23.3,23.8,7.87,17.2,1.51,9.38,10.8,28.0,19.4,19.4,20.94938133,79.02952458
752,752,2S,7,20.4,23.3,23.8,3.0,4.0,34.89,37.89,30.0,34.0,32.0,32.0,20.94926814,79.02982223
751,751,2S,7,20.4,23.3,23.8,3.0,4.0,31.89,34.89,30.0,34.0,32.0,32.0,20.94926814,79.02979338
749,749,2S,7,20.4,23.3,23.8,3.0,4.0,25.89,28.89,30.0,34.0,32.0,32.0,20.94926814,79.02973566
750,750,2S,7,20.4,23.3,23.8,3.0,4.0,28.89,31.89,30.0,34.0,32.0,32.0,20.94926814,79.02976452
737,737,2S,7,20.4,23.3,23.8,3.0,4.0,34.89,37.89,24.0,28.0,26.0,26.0,20.94932204,79.02982223
738,738,2S,7,20.4,23.3,23.8,3.0,4.0,31.89,34.89,24.0,28.0,26.0,26.0,20.94932204,79.02979338
740,740,2S,7,20.4,23.3,23.8,3.0,4.0,25.89,28.89,24.0,28.0,26.0,26.0,20.94932204,79.02973566
739,739,2S,7,20.4,23.3,23.8,3.0,4.0,28.89,31.89,24.0,28.0,26.0,26.0,20.94932204,79.02976452
748,748,2S,7,20.4,23.3,23.8,3.0,4.0,18.39,21.39,30.0,34.0,32.0,32.0,20.94926814,79.02966352
747,747,2S,7,20.4,23.3,23.8,3.0,4.0,15.39,18.39,30.0,34.0,32.0,32.0,20.94926814,79.02963466
745,745,2S,7,20.4,23.3,23.8,3.0,4.0,9.38,12.38,30.0,34.0,32.0,32.0,20.94926814,79.02957685
746,746,2S,7,20.4,23.3,23.8,3.01,4.0,12.38,15.39,30.0,34.0,32.0,32.0,20.94926814,79.02960576
741,741,2S,7,20.4,23.3,23.8,3.0,4.0,18.39,21.39,24.0,28.0,26.0,26.0,20.94932204,79.02966352
742,742,2S,7,20.4,23.3,23.8,3.0,4.0,15.39,18.39,24.0,28.0,26.0,26.0,20.94932204,79.02963466
744,744,2S,7,20.4,23.3,23.8,3.0,4.0,9.38,12.38,24.0,28.0,26.0,26.0,20.94932204,79.02957685
743,743,2S,7,20.4,23.3,23.8,3.01,4.0,12.38,15.39,24.0,28.0,26.0,26.0,20.94932204,79.02960576
Stairs,STAIRS1,STR,7,20.4,23.3,23.8,4.5,4.8,37.89,42.39,30.0,34.8,32.4,32.4,20.94926455,79.02985831
Stairs,STAIRS2,STR,7,20.4,23.3,23.8,4.5,4.8,37.89,42.39,10.8,15.6,13.2,13.2,20.94943702,79.02985831
Stairs,STAIRS3,STR,7,20.4,23.3,23.8,3.37,4.8,6.01,9.38,4.0,8.8,6.4,6.4,20.94949811,79.02954622
Stairs,STAIRS4,STR,7,20.4,23.3,23.8,3.37,4.8,6.01,9.38,30.0,34.8,32.4,32.4,20.94926455,79.02954622
801,801,4S,8,23.8,26.7,27.2,3.0,8.8,72.03,75.03,0.0,8.8,4.4,4.4,20.94951607,79.03017948
CORRIDOR_1,CORRIDOR_1,CORR,8,23.8,26.7,27.2,69.02,2.0,4.51,73.53,8.8,10.8,9.8,9.8,20.94946757,79.02984753
802,802,4S,8,23.8,26.7,27.2,3.0,8.8,69.03,72.03,0.0,8.8,4.4,4.4,20.94951607,79.03015063
803,803,4S,8,23.8,26.7,27.2,3.0,8.8,66.03,69.03,0.0,8.8,4.4,4.4,20.94951607,79.03012177
804,804,4S,8,23.8,26.7,27.2,3.0,8.8,63.03,66.03,0.0,8.8,4.4,4.4,20.94951607,79.03009291
805,805,4S,8,23.8,26.7,27.2,3.0,8.8,60.03,63.03,0.0,8.8,4.4,4.4,20.94951607,79.03006406
806,806,4S,8,23.8,26.7,27.2,3.0,8.8,57.03,60.03,0.0,8.8,4.4,4.4,20.94951607,79.0300352
832,832,4S,8,23.8,26.7,27.2,3.0,8.8,60.03,63.03,10.8,19.6,15.2,15.2,20.94941906,79.03006406
831,831,4S,8,23.8,26.7,27.2,3.0,8.8,57.03,60.03,10.8,19.6,15.2,15.2,20.94941906,79.0300352
LIFT & Stairs,LIFT_STAIRS1,LIFT,8,23.8,26.7,27.2,9.0,6.4,63.03,72.03,10.8,17.2,14.0,14.0,20.94942984,79.03012177
Washroom,WASHROOM1,WASH,8,23.8,26.7,27.2,6.0,6.4,72.03,78.03,10.8,17.2,14.0,14.0,20.94942984,79.03019391
BRIDGE_1,BRIDGE_1,BRIDGE,8,23.8,26.7,27.2,2.63,17.2,54.4,57.03,10.8,28.0,19.4,19.4,20.94938133,79.03000812
830,830,2S,8,23.8,26.7,27.2,3.0,4.0,51.4,54.4,10.8,14.8,12.8,12.8,20.94944062,79.02998104
829,829,2S,8,23.8,26.7,27.2,3.0,4.0,48.4,51.4,10.8,14.8,12.8,12.8,20.94944062,79.02995219
827,827,2S,8,23.8,26.7,27.2,3.01,4.0,42.39,45.4,10.8,14.8,12.8,12.8,20.94944062,79.02989442
828,828,2S,8,23.8,26.7,27.2,3.0,4.0,45.4,48.4,10.8,14.8,12.8,12.8,20.94944062,79.02992333
807,807,2S,8,23.8,26.7,27.2,3.0,4.0,51.4,54.4,4.8,8.8,6.8,6.8,20.94949451,79.02998104
808,808,2S,8,23.8,26.7,27.2,3.0,4.0,48.4,51.4,4.8,8.8,6.8,6.8,20.94949451,79.02995219
810,810,2S,8,23.8,26.7,27.2,3.01,4.0,42.39,45.4,4.8,8.8,6.8,6.8,20.94949451,79.02989442
809,809,2S,8,23.8,26.7,27.2,3.0,4.0,45.4,48.4,4.8,8.8,6.8,6.8,20.94949451,79.02992333
826,826,2S,8,23.8,26.7,27.2,3.0,4.0,34.89,37.89,10.8,14.8,12.8,12.8,20.94944062,79.02982223
825,825,2S,8,23.8,26.7,27.2,3.0,4.0,31.89,34.89,10.8,14.8,12.8,12.8,20.94944062,79.02979338
823,823,2S,8,23.8,26.7,27.2,3.0,4.0,25.89,28.89,10.8,14.8,12.8,12.8,20.94944062,79.02973566
824,824,2S,8,23.8,26.7,27.2,3.0,4.0,28.89,31.89,10.8,14.8,12.8,12.8,20.94944062,79.02976452
811,811,2S,8,23.8,26.7,27.2,3.0,4.0,34.89,37.89,4.8,8.8,6.8,6.8,20.94949451,79.02982223
812,812,2S,8,23.8,26.7,27.2,3.0,4.0,31.89,34.89,4.8,8.8,6.8,6.8,20.94949451,79.02979338
814,814,2S,8,23.8,26.7,27.2,3.0,4.0,25.89,28.89,4.8,8.8,6.8,6.8,20.94949451,79.02973566
813,813,2S,8,23.8,26.7,27.2,3.0,4.0,28.89,31.89,4.8,8.8,6.8,6.8,20.94949451,79.02976452
822,822,2S,8,23.8,26.7,27.2,3.0,4.0,18.39,21.39,10.8,14.8,12.8,12.8,20.94944062,79.02966352
821,821,2S,8,23.8,26.7,27.2,3.0,4.0,15.39,18.39,10.8,14.8,12.8,12.8,20.94944062,79.02963466
819,819,2S,8,23.8,26.7,27.2,3.0,4.0,9.38,12.38,10.8,14.8,12.8,12.8,20.94944062,79.02957685
820,820,2S,8,23.8,26.7,27.2,3.01,4.0,12.38,15.39,10.8,14.8,12.8,12.8,20.94944062,79.02960576
815,815,2S,8,23.8,26.7,27.2,3.0,4.0,18.39,21.39,4.8,8.8,6.8,6.8,20.94949451,79.02966352
816,816,2S,8,23.8,26.7,27.2,3.0,4.0,15.39,18.39,4.8,8.8,6.8,6.8,20.94949451,79.02963466
818,818,2S,8,23.8,26.7,27.2,3.0,4.0,9.38,12.38,4.8,8.8,6.8,6.8,20.94949451,79.02957685
817,817,2S,8,23.8,26.7,27.2,3.01,4.0,12.38,15.39,4.8,8.8,6.8,6.8,20.94949451,79.02960576
BRIDGE_2,BRIDGE_2,BRIDGE,8,23.8,26.7,27.2,4.5,17.2,21.39,25.89,10.8,28.0,19.4,19.4,20.94938133,79.02969959
CORRIDOR_2,CORRIDOR_2,CORR,8,23.8,26.7,27.2,56.08,2.0,4.32,60.4,28.0,30.0,29.0,29.0,20.94929509,79.02978347
833,833,4S,8,23.8,26.7,27.2,3.0,8.8,51.4,54.4,19.2,28.0,23.6,23.6,20.9493436,79.02998104
834,834,4S,8,23.8,26.7,27.2,3.0,8.8,48.4,51.4,19.2,28.0,23.6,23.6,20.9493436,79.02995219
835,835,4S,8,23.8,26.7,27.2,3.0,8.8,45.4,48.4,19.2,28.0,23.6,23.6,20.9493436,79.02992333
836,836,4S,8,23.8,26.7,27.2,3.01,8.8,42.39,45.4,19.2,28.0,23.6,23.6,20.9493436,79.02989442
856,856,4S,8,23.8,26.7,27.2,3.0,8.8,51.4,54.4,30.0,38.8,34.4,34.4,20.94924658,79.02998104
855,855,4S,8,23.8,26.7,27.2,3.0,8.8,48.4,51.4,30.0,38.8,34.4,34.4,20.94924658,79.02995219
854,854,4S,8,23.8,26.7,27.2,3.0,8.8,45.4,48.4,30.0,38.8,34.4,34.4,20.94924658,79.02992333
853,853,4S,8,23.8,26.7,27.2,3.01,8.8,42.39,45.4,30.0,38.8,34.4,34.4,20.94924658,79.02989442
Washroom,WASHROOM2,WASH,8,23.8,26.7,27.2,6.0,6.4,57.03,63.03,30.0,36.4,33.2,33.2,20.94925736,79.03004963
Washroom,WASHROOM3,WASH,8,23.8,26.7,27.2,6.01,6.4,0.0,6.01,2.4,8.8,5.6,5.6,20.94950529,79.0295011
Washroom,WASHROOM4,WASH,8,23.8,26.7,27.2,6.01,6.4,0.0,6.01,30.0,36.4,33.2,33.2,20.94925736,79.0295011
Common Hall,COMMON_HALL,HALL,8,23.8,26.7,27.2,7.87,17.2,1.51,9.38,10.8,28.0,19.4,19.4,20.94938133,79.02952458
852,852,2S,8,23.8,26.7,27.2,3.0,4.0,34.89,37.89,30.0,34.0,32.0,32.0,20.94926814,79.02982223
851,851,2S,8,23.8,26.7,27.2,3.0,4.0,31.89,34.89,30.0,34.0,32.0,32.0,20.94926814,79.02979338
849,849,2S,8,23.8,26.7,27.2,3.0,4.0,25.89,28.89,30.0,34.0,32.0,32.0,20.94926814,79.02973566
850,850,2S,8,23.8,26.7,27.2,3.0,4.0,28.89,31.89,30.0,34.0,32.0,32.0,20.94926814,79.02976452
837,837,2S,8,23.8,26.7,27.2,3.0,4.0,34.89,37.89,24.0,28.0,26.0,26.0,20.94932204,79.02982223
838,838,2S,8,23.8,26.7,27.2,3.0,4.0,31.89,34.89,24.0,28.0,26.0,26.0,20.94932204,79.02979338
840,840,2S,8,23.8,26.7,27.2,3.0,4.0,25.89,28.89,24.0,28.0,26.0,26.0,20.94932204,79.02973566
839,839,2S,8,23.8,26.7,27.2,3.0,4.0,28.89,31.89,24.0,28.0,26.0,26.0,20.94932204,79.02976452
848,848,2S,8,23.8,26.7,27.2,3.0,4.0,18.39,21.39,30.0,34.0,32.0,32.0,20.94926814,79.02966352
847,847,2S,8,23.8,26.7,27.2,3.0,4.0,15.39,18.39,30.0,34.0,32.0,32.0,20.94926814,79.02963466
845,845,2S,8,23.8,26.7,27.2,3.0,4.0,9.38,12.38,30.0,34.0,32.0,32.0,20.94926814,79.02957685
846,846,2S,8,23.8,26.7,27.2,3.01,4.0,12.38,15.39,30.0,34.0,32.0,32.0,20.94926814,79.02960576
841,841,2S,8,23.8,26.7,27.2,3.0,4.0,18.39,21.39,24.0,28.0,26.0,26.0,20.94932204,79.02966352
842,842,2S,8,23.8,26.7,27.2,3.0,4.0,15.39,18.39,24.0,28.0,26.0,26.0,20.94932204,79.02963466
844,844,2S,8,23.8,26.7,27.2,3.0,4.0,9.38,12.38,24.0,28.0,26.0,26.0,20.94932204,79.02957685
843,843,2S,8,23.8,26.7,27.2,3.01,4.0,12.38,15.39,24.0,28.0,26.0,26.0,20.94932204,79.02960576
Stairs,STAIRS1,STR,8,23.8,26.7,27.2,4.5,4.8,37.89,42.39,30.0,34.8,32.4,32.4,20.94926455,79.02985831
Stairs,STAIRS2,STR,8,23.8,26.7,27.2,4.5,4.8,37.89,42.39,10.8,15.6,13.2,13.2,20.94943702,79.02985831
Stairs,STAIRS3,STR,8,23.8,26.7,27.2,3.37,4.8,6.01,9.38,4.0,8.8,6.4,6.4,20.94949811,79.02954622
Stairs,STAIRS4,STR,8,23.8,26.7,27.2,3.37,4.8,6.01,9.38,30.0,34.8,32.4,32.4,20.94926455,79.02954622
901,901,4S,9,27.2,30.1,30.6,3.0,8.8,72.03,75.03,0.0,8.8,4.4,4.4,20.94951607,79.03017948
CORRIDOR_1,CORRIDOR_1,CORR,9,27.2,30.1,30.6,69.02,2.0,4.51,73.53,8.8,10.8,9.8,9.8,20.94946757,79.02984753
902,902,4S,9,27.2,30.1,30.6,3.0,8.8,69.03,72.03,0.0,8.8,4.4,4.4,20.94951607,79.03015063
903,903,4S,9,27.2,30.1,30.6,3.0,8.8,66.03,69.03,0.0,8.8,4.4,4.4,20.94951607,79.03012177
904,904,4S,9,27.2,30.1,30.6,3.0,8.8,63.03,66.03,0.0,8.8,4.4,4.4,20.94951607,79.03009291
905,905,4S,9,27.2,30.1,30.6,3.0,8.8,60.03,63.03,0.0,8.8,4.4,4.4,20.94951607,79.03006406
906,906,4S,9,27.2,30.1,30.6,3.0,8.8,57.03,60.03,0.0,8.8,4.4,4.4,20.94951607,79.0300352
932,932,4S,9,27.2,30.1,30.6,3.0,8.8,60.03,63.03,10.8,19.6,15.2,15.2,20.94941906,79.03006406
931,931,4S,9,27.2,30.1,30.6,3.0,8.8,57.03,60.03,10.8,19.6,15.2,15.2,20.94941906,79.0300352
LIFT & Stairs,LIFT_STAIRS1,LIFT,9,27.2,30.1,30.6,9.0,6.4,63.03,72.03,10.8,17.2,14.0,14.0,20.94942984,79.03012177
Washroom,WASHROOM1,WASH,9,27.2,30.1,30.6,6.0,6.4,72.03,78.03,10.8,17.2,14.0,14.0,20.94942984,79.03019391
BRIDGE_1,BRIDGE_1,BRIDGE,9,27.2,30.1,30.6,2.63,17.2,54.4,57.03,10.8,28.0,19.4,19.4,20.94938133,79.03000812
930,930,2S,9,27.2,30.1,30.6,3.0,4.0,51.4,54.4,10.8,14.8,12.8,12.8,20.94944062,79.02998104
929,929,2S,9,27.2,30.1,30.6,3.0,4.0,48.4,51.4,10.8,14.8,12.8,12.8,20.94944062,79.02995219
927,927,2S,9,27.2,30.1,30.6,3.01,4.0,42.39,45.4,10.8,14.8,12.8,12.8,20.94944062,79.02989442
928,928,2S,9,27.2,30.1,30.6,3.0,4.0,45.4,48.4,10.8,14.8,12.8,12.8,20.94944062,79.02992333
907,907,2S,9,27.2,30.1,30.6,3.0,4.0,51.4,54.4,4.8,8.8,6.8,6.8,20.94949451,79.02998104
908,908,2S,9,27.2,30.1,30.6,3.0,4.0,48.4,51.4,4.8,8.8,6.8,6.8,20.94949451,79.02995219
910,910,2S,9,27.2,30.1,30.6,3.01,4.0,42.39,45.4,4.8,8.8,6.8,6.8,20.94949451,79.02989442
909,909,2S,9,27.2,30.1,30.6,3.0,4.0,45.4,48.4,4.8,8.8,6.8,6.8,20.94949451,79.02992333
926,926,2S,9,27.2,30.1,30.6,3.0,4.0,34.89,37.89,10.8,14.8,12.8,12.8,20.94944062,79.02982223
925,925,2S,9,27.2,30.1,30.6,3.0,4.0,31.89,34.89,10.8,14.8,12.8,12.8,20.94944062,79.02979338
923,923,2S,9,27.2,30.1,30.6,3.0,4.0,25.89,28.89,10.8,14.8,12.8,12.8,20.94944062,79.02973566
924,924,2S,9,27.2,30.1,30.6,3.0,4.0,28.89,31.89,10.8,14.8,12.8,12.8,20.94944062,79.02976452
911,911,2S,9,27.2,30.1,30.6,3.0,4.0,34.89,37.89,4.8,8.8,6.8,6.8,20.94949451,79.02982223
912,912,2S,9,27.2,30.1,30.6,3.0,4.0,31.89,34.89,4.8,8.8,6.8,6.8,20.94949451,79.02979338
914,914,2S,9,27.2,30.1,30.6,3.0,4.0,25.89,28.89,4.8,8.8,6.8,6.8,20.94949451,79.02973566
913,913,2S,9,27.2,30.1,30.6,3.0,4.0,28.89,31.89,4.8,8.8,6.8,6.8,20.94949451,79.02976452
922,922,2S,9,27.2,30.1,30.6,3.0,4.0,18.39,21.39,10.8,14.8,12.8,12.8,20.94944062,79.02966352
921,921,2S,9,27.2,30.1,30.6,3.0,4.0,15.39,18.39,10.8,14.8,12.8,12.8,20.94944062,79.02963466
919,919,2S,9,27.2,30.1,30.6,3.0,4.0,9.38,12.38,10.8,14.8,12.8,12.8,20.94944062,79.02957685
920,920,2S,9,27.2,30.1,30.6,3.01,4.0,12.38,15.39,10.8,14.8,12.8,12.8,20.94944062,79.02960576
915,915,2S,9,27.2,30.1,30.6,3.0,4.0,18.39,21.39,4.8,8.8,6.8,6.8,20.94949451,79.02966352
916,916,2S,9,27.2,30.1,30.6,3.0,4.0,15.39,18.39,4.8,8.8,6.8,6.8,20.94949451,79.02963466
918,918,2S,9,27.2,30.1,30.6,3.0,4.0,9.38,12.38,4.8,8.8,6.8,6.8,20.94949451,79.02957685
917,917,2S,9,27.2,30.1,30.6,3.01,4.0,12.38,15.39,4.8,8.8,6.8,6.8,20.94949451,79.02960576
BRIDGE_2,BRIDGE_2,BRIDGE,9,27.2,30.1,30.6,4.5,17.2,21.39,25.89,10.8,28.0,19.4,19.4,20.94938133,79.02969959
CORRIDOR_2,CORRIDOR_2,CORR,9,27.2,30.1,30.6,56.08,2.0,4.32,60.4,28.0,30.0,29.0,29.0,20.94929509,79.02978347
933,933,4S,9,27.2,30.1,30.6,3.0,8.8,51.4,54.4,19.2,28.0,23.6,23.6,20.9493436,79.02998104
934,934,4S,9,27.2,30.1,30.6,3.0,8.8,48.4,51.4,19.2,28.0,23.6,23.6,20.9493436,79.02995219
935,935,4S,9,27.2,30.1,30.6,3.0,8.8,45.4,48.4,19.2,28.0,23.6,23.6,20.9493436,79.02992333
936,936,4S,9,27.2,30.1,30.6,3.01,8.8,42.39,45.4,19.2,28.0,23.6,23.6,20.9493436,79.02989442
956,956,4S,9,27.2,30.1,30.6,3.0,8.8,51.4,54.4,30.0,38.8,34.4,34.4,20.94924658,79.02998104
955,955,4S,9,27.2,30.1,30.6,3.0,8.8,48.4,51.4,30.0,38.8,34.4,34.4,20.94924658,79.02995219
954,954,4S,9,27.2,30.1,30.6,3.0,8.8,45.4,48.4,30.0,38.8,34.4,34.4,20.94924658,79.02992333
953,953,4S,9,27.2,30.1,30.6,3.01,8.8,42.39,45.4,30.0,38.8,34.4,34.4,20.94924658,79.02989442
Washroom,WASHROOM2,WASH,9,27.2,30.1,30.6,6.0,6.4,57.03,63.03,30.0,36.4,33.2,33.2,20.94925736,79.03004963
Washroom,WASHROOM3,WASH,9,27.2,30.1,30.6,6.01,6.4,0.0,6.01,2.4,8.8,5.6,5.6,20.94950529,79.0295011
Washroom,WASHROOM4,WASH,9,27.2,30.1,30.6,6.01,6.4,0.0,6.01,30.0,36.4,33.2,33.2,20.94925736,79.0295011
Common Hall,COMMON_HALL,HALL,9,27.2,30.1,30.6,7.87,17.2,1.51,9.38,10.8,28.0,19.4,19.4,20.94938133,79.02952458
952,952,2S,9,27.2,30.1,30.6,3.0,4.0,34.89,37.89,30.0,34.0,32.0,32.0,20.94926814,79.02982223
951,951,2S,9,27.2,30.1,30.6,3.0,4.0,31.89,34.89,30.0,34.0,32.0,32.0,20.94926814,79.02979338
949,949,2S,9,27.2,30.1,30.6,3.0,4.0,25.89,28.89,30.0,34.0,32.0,32.0,20.94926814,79.02973566
950,950,2S,9,27.2,30.1,30.6,3.0,4.0,28.89,31.89,30.0,34.0,32.0,32.0,20.94926814,79.02976452
937,937,2S,9,27.2,30.1,30.6,3.0,4.0,34.89,37.89,24.0,28.0,26.0,26.0,20.94932204,79.02982223
938,938,2S,9,27.2,30.1,30.6,3.0,4.0,31.89,34.89,24.0,28.0,26.0,26.0,20.94932204,79.02979338
940,940,2S,9,27.2,30.1,30.6,3.0,4.0,25.89,28.89,24.0,28.0,26.0,26.0,20.94932204,79.02973566
939,939,2S,9,27.2,30.1,30.6,3.0,4.0,28.89,31.89,24.0,28.0,26.0,26.0,20.94932204,79.02976452
948,948,2S,9,27.2,30.1,30.6,3.0,4.0,18.39,21.39,30.0,34.0,32.0,32.0,20.94926814,79.02966352
947,947,2S,9,27.2,30.1,30.6,3.0,4.0,15.39,18.39,30.0,34.0,32.0,32.0,20.94926814,79.02963466
945,945,2S,9,27.2,30.1,30.6,3.0,4.0,9.38,12.38,30.0,34.0,32.0,32.0,20.94926814,79.02957685
946,946,2S,9,27.2,30.1,30.6,3.01,4.0,12.38,15.39,30.0,34.0,32.0,32.0,20.94926814,79.02960576
941,941,2S,9,27.2,30.1,30.6,3.0,4.0,18.39,21.39,24.0,28.0,26.0,26.0,20.94932204,79.02966352
942,942,2S,9,27.2,30.1,30.6,3.0,4.0,15.39,18.39,24.0,28.0,26.0,26.0,20.94932204,79.02963466
944,944,2S,9,27.2,30.1,30.6,3.0,4.0,9.38,12.38,24.0,28.0,26.0,26.0,20.94932204,79.02957685
943,943,2S,9,27.2,30.1,30.6,3.01,4.0,12.38,15.39,24.0,28.0,26.0,26.0,20.94932204,79.02960576
Stairs,STAIRS1,STR,9,27.2,30.1,30.6,4.5,4.8,37.89,42.39,30.0,34.8,32.4,32.4,20.94926455,79.02985831
Stairs,STAIRS2,STR,9,27.2,30.1,30.6,4.5,4.8,37.89,42.39,10.8,15.6,13.2,13.2,20.94943702,79.02985831
Stairs,STAIRS3,STR,9,27.2,30.1,30.6,3.37,4.8,6.01,9.38,4.0,8.8,6.4,6.4,20.94949811,79.02954622
Stairs,STAIRS4,STR,9,27.2,30.1,30.6,3.37,4.8,6.01,9.38,30.0,34.8,32.4,32.4,20.94926455,79.02954622
1001,1001,4S,10,30.6,33.5,34.0,3.0,8.8,72.03,75.03,0.0,8.8,4.4,4.4,20.94951607,79.03017948
CORRIDOR_1,CORRIDOR_1,CORR,10,30.6,33.5,34.0,69.02,2.0,4.51,73.53,8.8,10.8,9.8,9.8,20.94946757,79.02984753
1002,1002,4S,10,30.6,33.5,34.0,3.0,8.8,69.03,72.03,0.0,8.8,4.4,4.4,20.94951607,79.03015063
1003,1003,4S,10,30.6,33.5,34.0,3.0,8.8,66.03,69.03,0.0,8.8,4.4,4.4,20.94951607,79.03012177
1004,1004,4S,10,30.6,33.5,34.0,3.0,8.8,63.03,66.03,0.0,8.8,4.4,4.4,20.94951607,79.03009291
1005,1005,4S,10,30.6,33.5,34.0,3.0,8.8,60.03,63.03,0.0,8.8,4.4,4.4,20.94951607,79.03006406
1006,1006,4S,10,30.6,33.5,34.0,3.0,8.8,57.03,60.03,0.0,8.8,4.4,4.4,20.94951607,79.0300352
1032,1032,4S,10,30.6,33.5,34.0,3.0,8.8,60.03,63.03,10.8,19.6,15.2,15.2,20.94941906,79.03006406
1031,1031,4S,10,30.6,33.5,34.0,3.0,8.8,57.03,60.03,10.8,19.6,15.2,15.2,20.94941906,79.0300352
LIFT & Stairs,LIFT_STAIRS1,LIFT,10,30.6,33.5,34.0,9.0,6.4,63.03,72.03,10.8,17.2,14.0,14.0,20.94942984,79.03012177
Washroom,WASHROOM1,WASH,10,30.6,33.5,34.0,6.0,6.4,72.03,78.03,10.8,17.2,14.0,14.0,20.94942984,79.03019391
BRIDGE_1,BRIDGE_1,BRIDGE,10,30.6,33.5,34.0,2.63,17.2,54.4,57.03,10.8,28.0,19.4,19.4,20.94938133,79.03000812
1030,1030,2S,10,30.6,33.5,34.0,3.0,4.0,51.4,54.4,10.8,14.8,12.8,12.8,20.94944062,79.02998104
1029,1029,2S,10,30.6,33.5,34.0,3.0,4.0,48.4,51.4,10.8,14.8,12.8,12.8,20.94944062,79.02995219
1027,1027,2S,10,30.6,33.5,34.0,3.01,4.0,42.39,45.4,10.8,14.8,12.8,12.8,20.94944062,79.02989442
1028,1028,2S,10,30.6,33.5,34.0,3.0,4.0,45.4,48.4,10.8,14.8,12.8,12.8,20.94944062,79.02992333
1007,1007,2S,10,30.6,33.5,34.0,3.0,4.0,51.4,54.4,4.8,8.8,6.8,6.8,20.94949451,79.02998104
1008,1008,2S,10,30.6,33.5,34.0,3.0,4.0,48.4,51.4,4.8,8.8,6.8,6.8,20.94949451,79.02995219
1010,1010,2S,10,30.6,33.5,34.0,3.01,4.0,42.39,45.4,4.8,8.8,6.8,6.8,20.94949451,79.02989442
1009,1009,2S,10,30.6,33.5,34.0,3.0,4.0,45.4,48.4,4.8,8.8,6.8,6.8,20.94949451,79.02992333
1026,1026,2S,10,30.6,33.5,34.0,3.0,4.0,34.89,37.89,10.8,14.8,12.8,12.8,20.94944062,79.02982223
1025,1025,2S,10,30.6,33.5,34.0,3.0,4.0,31.89,34.89,10.8,14.8,12.8,12.8,20.94944062,79.02979338
1023,1023,2S,10,30.6,33.5,34.0,3.0,4.0,25.89,28.89,10.8,14.8,12.8,12.8,20.94944062,79.02973566
1024,1024,2S,10,30.6,33.5,34.0,3.0,4.0,28.89,31.89,10.8,14.8,12.8,12.8,20.94944062,79.02976452
1011,1011,2S,10,30.6,33.5,34.0,3.0,4.0,34.89,37.89,4.8,8.8,6.8,6.8,20.94949451,79.02982223
1012,1012,2S,10,30.6,33.5,34.0,3.0,4.0,31.89,34.89,4.8,8.8,6.8,6.8,20.94949451,79.02979338
1014,1014,2S,10,30.6,33.5,34.0,3.0,4.0,25.89,28.89,4.8,8.8,6.8,6.8,20.94949451,79.02973566
1013,1013,2S,10,30.6,33.5,34.0,3.0,4.0,28.89,31.89,4.8,8.8,6.8,6.8,20.94949451,79.02976452
1022,1022,2S,10,30.6,33.5,34.0,3.0,4.0,18.39,21.39,10.8,14.8,12.8,12.8,20.94944062,79.02966352
1021,1021,2S,10,30.6,33.5,34.0,3.0,4.0,15.39,18.39,10.8,14.8,12.8,12.8,20.94944062,79.02963466
1019,1019,2S,10,30.6,33.5,34.0,3.0,4.0,9.38,12.38,10.8,14.8,12.8,12.8,20.94944062,79.02957685
1020,1020,2S,10,30.6,33.5,34.0,3.01,4.0,12.38,15.39,10.8,14.8,12.8,12.8,20.94944062,79.02960576
1015,1015,2S,10,30.6,33.5,34.0,3.0,4.0,18.39,21.39,4.8,8.8,6.8,6.8,20.94949451,79.02966352
1016,1016,2S,10,30.6,33.5,34.0,3.0,4.0,15.39,18.39,4.8,8.8,6.8,6.8,20.94949451,79.02963466
1018,1018,2S,10,30.6,33.5,34.0,3.0,4.0,9.38,12.38,4.8,8.8,6.8,6.8,20.94949451,79.02957685
1017,1017,2S,10,30.6,33.5,34.0,3.01,4.0,12.38,15.39,4.8,8.8,6.8,6.8,20.94949451,79.02960576
BRIDGE_2,BRIDGE_2,BRIDGE,10,30.6,33.5,34.0,4.5,17.2,21.39,25.89,10.8,28.0,19.4,19.4,20.94938133,79.02969959
CORRIDOR_2,CORRIDOR_2,CORR,10,30.6,33.5,34.0,56.08,2.0,4.32,60.4,28.0,30.0,29.0,29.0,20.94929509,79.02978347
1033,1033,4S,10,30.6,33.5,34.0,3.0,8.8,51.4,54.4,19.2,28.0,23.6,23.6,20.9493436,79.02998104
1034,1034,4S,10,30.6,33.5,34.0,3.0,8.8,48.4,51.4,19.2,28.0,23.6,23.6,20.9493436,79.02995219
1035,1035,4S,10,30.6,33.5,34.0,3.0,8.8,45.4,48.4,19.2,28.0,23.6,23.6,20.9493436,79.02992333
1036,1036,4S,10,30.6,33.5,34.0,3.01,8.8,42.39,45.4,19.2,28.0,23.6,23.6,20.9493436,79.02989442
1056,1056,4S,10,30.6,33.5,34.0,3.0,8.8,51.4,54.4,30.0,38.8,34.4,34.4,20.94924658,79.02998104
1055,1055,4S,10,30.6,33.5,34.0,3.0,8.8,48.4,51.4,30.0,38.8,34.4,34.4,20.94924658,79.02995219
1054,1054,4S,10,30.6,33.5,34.0,3.0,8.8,45.4,48.4,30.0,38.8,34.4,34.4,20.94924658,79.02992333
1053,1053,4S,10,30.6,33.5,34.0,3.01,8.8,42.39,45.4,30.0,38.8,34.4,34.4,20.94924658,79.02989442
Washroom,WASHROOM2,WASH,10,30.6,33.5,34.0,6.0,6.4,57.03,63.03,30.0,36.4,33.2,33.2,20.94925736,79.03004963
Washroom,WASHROOM3,WASH,10,30.6,33.5,34.0,6.01,6.4,0.0,6.01,2.4,8.8,5.6,5.6,20.94950529,79.0295011
Washroom,WASHROOM4,WASH,10,30.6,33.5,34.0,6.01,6.4,0.0,6.01,30.0,36.4,33.2,33.2,20.94925736,79.0295011
Common Hall,COMMON_HALL,HALL,10,30.6,33.5,34.0,7.87,17.2,1.51,9.38,10.8,28.0,19.4,19.4,20.94938133,79.02952458
1052,1052,2S,10,30.6,33.5,34.0,3.0,4.0,34.89,37.89,30.0,34.0,32.0,32.0,20.94926814,79.02982223
1051,1051,2S,10,30.6,33.5,34.0,3.0,4.0,31.89,34.89,30.0,34.0,32.0,32.0,20.94926814,79.02979338
1049,1049,2S,10,30.6,33.5,34.0,3.0,4.0,25.89,28.89,30.0,34.0,32.0,32.0,20.94926814,79.02973566
1050,1050,2S,10,30.6,33.5,34.0,3.0,4.0,28.89,31.89,30.0,34.0,32.0,32.0,20.94926814,79.02976452
1037,1037,2S,10,30.6,33.5,34.0,3.0,4.0,34.89,37.89,24.0,28.0,26.0,26.0,20.94932204,79.02982223
1038,1038,2S,10,30.6,33.5,34.0,3.0,4.0,31.89,34.89,24.0,28.0,26.0,26.0,20.94932204,79.02979338
1040,1040,2S,10,30.6,33.5,34.0,3.0,4.0,25.89,28.89,24.0,28.0,26.0,26.0,20.94932204,79.02973566
1039,1039,2S,10,30.6,33.5,34.0,3.0,4.0,28.89,31.89,24.0,28.0,26.0,26.0,20.94932204,79.02976452
1048,1048,2S,10,30.6,33.5,34.0,3.0,4.0,18.39,21.39,30.0,34.0,32.0,32.0,20.94926814,79.02966352
1047,1047,2S,10,30.6,33.5,34.0,3.0,4.0,15.39,18.39,30.0,34.0,32.0,32.0,20.94926814,79.02963466
1045,1045,2S,10,30.6,33.5,34.0,3.0,4.0,9.38,12.38,30.0,34.0,32.0,32.0,20.94926814,79.02957685
1046,1046,2S,10,30.6,33.5,34.0,3.01,4.0,12.38,15.39,30.0,34.0,32.0,32.0,20.94926814,79.02960576
1041,1041,2S,10,30.6,33.5,34.0,3.0,4.0,18.39,21.39,24.0,28.0,26.0,26.0,20.94932204,79.02966352
1042,1042,2S,10,30.6,33.5,34.0,3.0,4.0,15.39,18.39,24.0,28.0,26.0,26.0,20.94932204,79.02963466
1044,1044,2S,10,30.6,33.5,34.0,3.0,4.0,9.38,12.38,24.0,28.0,26.0,26.0,20.94932204,79.02957685
1043,1043,2S,10,30.6,33.5,34.0,3.01,4.0,12.38,15.39,24.0,28.0,26.0,26.0,20.94932204,79.02960576
Stairs,STAIRS1,STR,10,30.6,33.5,34.0,4.5,4.8,37.89,42.39,30.0,34.8,32.4,32.4,20.94926455,79.02985831
Stairs,STAIRS2,STR,10,30.6,33.5,34.0,4.5,4.8,37.89,42.39,10.8,15.6,13.2,13.2,20.94943702,79.02985831
Stairs,STAIRS3,STR,10,30.6,33.5,34.0,3.37,4.8,6.01,9.38,4.0,8.8,6.4,6.4,20.94949811,79.02954622
Stairs,STAIRS4,STR,10,30.6,33.5,34.0,3.37,4.8,6.01,9.38,30.0,34.8,32.4,32.4,20.94926455,79.02954622
