label,x0,y0,x1,y1,center_x,center_y
X01,49.7,68.5,55.6,72.2,52.7,70.3
X02,71.8,68.5,77.7,72.2,74.7,70.3
X03,93.8,68.5,99.7,72.2,96.8,70.3
X04,115.8,68.5,121.7,72.2,118.8,70.3
X05,137.9,68.5,143.8,72.2,140.8,70.3
X06,159.9,68.5,165.8,72.2,162.9,70.3
X32,137.9,107.1,143.8,110.8,140.8,108.9
X31,159.9,107.1,165.8,110.8,162.9,108.9
LIFT,91.8,108.2,98.6,111.9,95.2,110.0
&,99.5,108.2,101.7,111.9,100.6,110.0
Stairs,92.5,112.3,101.0,116.0,96.8,114.1
Washroom,33.7,110.1,49.6,113.8,41.7,111.9
X30,201.2,92.5,207.1,96.2,204.2,94.3
X29,223.3,92.5,229.1,96.2,226.2,94.3
X27,267.3,92.5,273.2,96.2,270.3,94.3
X28,245.3,92.5,251.2,96.2,248.2,94.3
X07,201.2,62.2,207.1,65.9,204.2,64.0
X08,223.3,62.2,229.1,65.9,226.2,64.0
X10,267.3,62.2,273.2,65.9,270.3,64.0
X09,245.3,62.2,251.2,65.9,248.2,64.0
X26,322.4,92.5,328.3,96.2,325.3,94.3
X25,344.4,92.5,350.3,96.2,347.4,94.3
X23,388.5,92.5,394.4,96.2,391.4,94.3
X24,366.5,92.5,372.4,96.2,369.4,94.3
X11,322.4,62.2,328.3,65.9,325.3,64.0
X12,344.4,62.2,350.3,65.9,347.4,64.0
X14,388.5,62.2,394.4,65.9,391.4,64.0
X13,366.5,62.2,372.4,65.9,369.4,64.0
X22,443.6,92.5,449.5,96.2,446.5,94.3
X21,465.6,92.5,471.5,96.2,468.6,94.3
X19,509.7,92.5,515.6,96.2,512.6,94.3
X20,487.7,92.5,493.5,96.2,490.6,94.3
X15,443.6,62.2,449.5,65.9,446.5,64.0
X16,465.6,62.2,471.5,65.9,468.6,64.0
X18,509.7,62.2,515.6,65.9,512.6,64.0
X17,487.7,62.2,493.5,65.9,490.6,64.0
X33,201.2,203.5,207.1,207.1,204.2,205.3
X34,223.3,203.5,229.1,207.1,226.2,205.3
X35,245.3,203.5,251.2,207.1,248.2,205.3
X36,267.3,203.5,273.2,207.1,270.3,205.3
X56,201.2,242.0,207.1,245.7,204.2,243.9
X55,223.3,242.0,229.1,245.7,226.2,243.9
X54,245.3,242.0,251.2,245.7,248.2,243.9
X53,267.3,242.0,273.2,245.7,270.3,243.9
Washroom,143.9,245.0,159.8,248.7,151.8,246.9
Washroom,562.5,49.5,578.4,53.2,570.5,51.3
Washroom,562.5,245.0,578.4,248.7,570.5,246.9
Common,545.9,145.3,559.3,149.0,552.6,147.2
Hall,549.7,149.5,555.4,153.2,552.6,151.3
X52,322.4,227.4,328.3,231.1,325.3,229.3
X51,344.4,227.4,350.3,231.1,347.4,229.3
X49,388.5,227.4,394.4,231.1,391.4,229.3
X50,366.5,227.4,372.4,231.1,369.4,229.3
X37,322.4,197.1,328.3,200.8,325.3,199.0
X38,344.4,197.1,350.3,200.8,347.4,199.0
X40,388.5,197.1,394.4,200.8,391.4,199.0
X39,366.5,197.1,372.4,200.8,369.4,199.0
X48,443.6,227.4,449.5,231.1,446.5,229.3
X47,465.6,227.4,471.5,231.1,468.6,229.3
X45,509.7,227.4,515.6,231.1,512.6,229.3
X46,487.7,227.4,493.5,231.1,490.6,229.3
X41,443.6,197.1,449.5,200.8,446.5,199.0
X42,465.6,197.1,471.5,200.8,468.6,199.0
X44,509.7,197.1,515.6,200.8,512.6,199.0
X43,487.7,197.1,493.5,200.8,490.6,199.0
Stairs,293.6,239.5,302.0,243.2,297.8,241.4
Stairs,531.8,239.5,540.3,243.2,536.0,241.4
Stairs,531.8,53.6,540.3,57.3,536.0,55.5
Stairs,293.6,104.6,302.0,108.3,297.8,106.4
