ulpin_3d,room_id,building_id,floor,type,z_min,z_max,z_slab_top,real_width_m,real_depth_m,real_x_start_m,real_x_end_m,real_y_start_m,real_y_end_m,real_y_center_m,latitude,longitude
CLGE_FINAL-F1-STR_NW-STR,STR_NW,CLGE_FINAL,1,STR,0.0,2.9,3.4,3.0,5.0,0.0,3.0,0.0,5.0,2.5,20.94953314,79.02948663
CLGE_FINAL-F1-STR_SW-STR,STR_SW,CLGE_FINAL,1,STR,0.0,2.9,3.4,3.0,5.0,0.0,3.0,7.0,12.0,9.5,20.94947026,79.02948663
CLGE_FINAL-F1-101-4S,101,CLGE_FINAL,1,4S,0.0,2.9,3.4,6.0,5.0,3.0,9.0,0.0,5.0,2.5,20.94953314,79.02952991
CLGE_FINAL-F1-102-4S,102,CLGE_FINAL,1,4S,0.0,2.9,3.4,6.0,5.0,3.0,9.0,7.0,12.0,9.5,20.94947026,79.02952991
CLGE_FINAL-F1-103-4S,103,CLGE_FINAL,1,4S,0.0,2.9,3.4,6.0,5.0,9.0,15.0,0.0,5.0,2.5,20.94953314,79.02958763
CLGE_FINAL-F1-104-4S,104,CLGE_FINAL,1,4S,0.0,2.9,3.4,6.0,5.0,9.0,15.0,7.0,12.0,9.5,20.94947026,79.02958763
CLGE_FINAL-F1-105-4S,105,CLGE_FINAL,1,4S,0.0,2.9,3.4,6.0,5.0,15.0,21.0,0.0,5.0,2.5,20.94953314,79.02964534
CLGE_FINAL-F1-106-4S,106,CLGE_FINAL,1,4S,0.0,2.9,3.4,6.0,5.0,15.0,21.0,7.0,12.0,9.5,20.94947026,79.02964534
CLGE_FINAL-F1-107-4S,107,CLGE_FINAL,1,4S,0.0,2.9,3.4,6.0,5.0,21.0,27.0,0.0,5.0,2.5,20.94953314,79.02970306
CLGE_FINAL-F1-108-4S,108,CLGE_FINAL,1,4S,0.0,2.9,3.4,6.0,5.0,21.0,27.0,7.0,12.0,9.5,20.94947026,79.02970306
CLGE_FINAL-F1-109-4S,109,CLGE_FINAL,1,4S,0.0,2.9,3.4,6.0,5.0,27.0,33.0,0.0,5.0,2.5,20.94953314,79.02976077
CLGE_FINAL-F1-110-4S,110,CLGE_FINAL,1,4S,0.0,2.9,3.4,6.0,5.0,27.0,33.0,7.0,12.0,9.5,20.94947026,79.02976077
CLGE_FINAL-F1-111-4S,111,CLGE_FINAL,1,4S,0.0,2.9,3.4,6.0,5.0,33.0,39.0,0.0,5.0,2.5,20.94953314,79.02981848
CLGE_FINAL-F1-112-4S,112,CLGE_FINAL,1,4S,0.0,2.9,3.4,6.0,5.0,33.0,39.0,7.0,12.0,9.5,20.94947026,79.02981848
CLGE_FINAL-F1-113-4S,113,CLGE_FINAL,1,4S,0.0,2.9,3.4,6.0,5.0,39.0,45.0,0.0,5.0,2.5,20.94953314,79.0298762
CLGE_FINAL-F1-114-4S,114,CLGE_FINAL,1,4S,0.0,2.9,3.4,6.0,5.0,39.0,45.0,7.0,12.0,9.5,20.94947026,79.0298762
CLGE_FINAL-F1-115-4S,115,CLGE_FINAL,1,4S,0.0,2.9,3.4,6.0,5.0,45.0,51.0,0.0,5.0,2.5,20.94953314,79.02993391
CLGE_FINAL-F1-116-4S,116,CLGE_FINAL,1,4S,0.0,2.9,3.4,6.0,5.0,45.0,51.0,7.0,12.0,9.5,20.94947026,79.02993391
CLGE_FINAL-F1-117-4S,117,CLGE_FINAL,1,4S,0.0,2.9,3.4,6.0,5.0,51.0,57.0,0.0,5.0,2.5,20.94953314,79.02999162
CLGE_FINAL-F1-118-4S,118,CLGE_FINAL,1,4S,0.0,2.9,3.4,6.0,5.0,51.0,57.0,7.0,12.0,9.5,20.94947026,79.02999162
CLGE_FINAL-F1-119-4S,119,CLGE_FINAL,1,4S,0.0,2.9,3.4,6.0,5.0,57.0,63.0,0.0,5.0,2.5,20.94953314,79.03004934
CLGE_FINAL-F1-120-4S,120,CLGE_FINAL,1,4S,0.0,2.9,3.4,6.0,5.0,57.0,63.0,7.0,12.0,9.5,20.94947026,79.03004934
CLGE_FINAL-F1-121-4S,121,CLGE_FINAL,1,4S,0.0,2.9,3.4,6.0,5.0,63.0,69.0,0.0,5.0,2.5,20.94953314,79.03010705
CLGE_FINAL-F1-122-4S,122,CLGE_FINAL,1,4S,0.0,2.9,3.4,6.0,5.0,63.0,69.0,7.0,12.0,9.5,20.94947026,79.03010705
CLGE_FINAL-F1-WASH_N_23-WASH,WASH_N_23,CLGE_FINAL,1,WASH,0.0,2.9,3.4,3.0,3.0,69.0,72.0,0.0,3.0,1.5,20.94954213,79.03015034
CLGE_FINAL-F1-WASH_S_23-WASH,WASH_S_23,CLGE_FINAL,1,WASH,0.0,2.9,3.4,3.0,3.0,69.0,72.0,7.0,10.0,8.5,20.94947924,79.03015034
CLGE_FINAL-F1-123-4S,123,CLGE_FINAL,1,4S,0.0,2.9,3.4,6.0,5.0,72.0,78.0,0.0,5.0,2.5,20.94953314,79.03019362
CLGE_FINAL-F1-124-4S,124,CLGE_FINAL,1,4S,0.0,2.9,3.4,6.0,5.0,72.0,78.0,7.0,12.0,9.5,20.94947026,79.03019362
CLGE_FINAL-F1-125-4S,125,CLGE_FINAL,1,4S,0.0,2.9,3.4,6.0,5.0,78.0,84.0,0.0,5.0,2.5,20.94953314,79.03025134
CLGE_FINAL-F1-126-4S,126,CLGE_FINAL,1,4S,0.0,2.9,3.4,6.0,5.0,78.0,84.0,7.0,12.0,9.5,20.94947026,79.03025134
CLGE_FINAL-F1-127-4S,127,CLGE_FINAL,1,4S,0.0,2.9,3.4,6.0,5.0,84.0,90.0,0.0,5.0,2.5,20.94953314,79.03030905
CLGE_FINAL-F1-128-4S,128,CLGE_FINAL,1,4S,0.0,2.9,3.4,6.0,5.0,84.0,90.0,7.0,12.0,9.5,20.94947026,79.03030905
CLGE_FINAL-F1-129-4S,129,CLGE_FINAL,1,4S,0.0,2.9,3.4,6.0,5.0,90.0,96.0,0.0,5.0,2.5,20.94953314,79.03036676
CLGE_FINAL-F1-130-4S,130,CLGE_FINAL,1,4S,0.0,2.9,3.4,6.0,5.0,90.0,96.0,7.0,12.0,9.5,20.94947026,79.03036676
CLGE_FINAL-F1-131-4S,131,CLGE_FINAL,1,4S,0.0,2.9,3.4,6.0,5.0,96.0,102.0,0.0,5.0,2.5,20.94953314,79.03042448
CLGE_FINAL-F1-132-4S,132,CLGE_FINAL,1,4S,0.0,2.9,3.4,6.0,5.0,96.0,102.0,7.0,12.0,9.5,20.94947026,79.03042448
CLGE_FINAL-F1-133-4S,133,CLGE_FINAL,1,4S,0.0,2.9,3.4,6.0,5.0,102.0,108.0,0.0,5.0,2.5,20.94953314,79.03048219
CLGE_FINAL-F1-134-4S,134,CLGE_FINAL,1,4S,0.0,2.9,3.4,6.0,5.0,102.0,108.0,7.0,12.0,9.5,20.94947026,79.03048219
CLGE_FINAL-F1-135-4S,135,CLGE_FINAL,1,4S,0.0,2.9,3.4,6.0,5.0,108.0,114.0,0.0,5.0,2.5,20.94953314,79.03053991
CLGE_FINAL-F1-136-4S,136,CLGE_FINAL,1,4S,0.0,2.9,3.4,6.0,5.0,108.0,114.0,7.0,12.0,9.5,20.94947026,79.03053991
CLGE_FINAL-F1-137-4S,137,CLGE_FINAL,1,4S,0.0,2.9,3.4,6.0,5.0,114.0,120.0,0.0,5.0,2.5,20.94953314,79.03059762
CLGE_FINAL-F1-138-4S,138,CLGE_FINAL,1,4S,0.0,2.9,3.4,6.0,5.0,114.0,120.0,7.0,12.0,9.5,20.94947026,79.03059762
CLGE_FINAL-F1-139-4S,139,CLGE_FINAL,1,4S,0.0,2.9,3.4,6.0,5.0,120.0,126.0,0.0,5.0,2.5,20.94953314,79.03065533
CLGE_FINAL-F1-140-4S,140,CLGE_FINAL,1,4S,0.0,2.9,3.4,6.0,5.0,120.0,126.0,7.0,12.0,9.5,20.94947026,79.03065533
CLGE_FINAL-F1-141-4S,141,CLGE_FINAL,1,4S,0.0,2.9,3.4,6.0,5.0,126.0,132.0,0.0,5.0,2.5,20.94953314,79.03071305
CLGE_FINAL-F1-142-4S,142,CLGE_FINAL,1,4S,0.0,2.9,3.4,6.0,5.0,126.0,132.0,7.0,12.0,9.5,20.94947026,79.03071305
CLGE_FINAL-F1-143-4S,143,CLGE_FINAL,1,4S,0.0,2.9,3.4,6.0,5.0,132.0,138.0,0.0,5.0,2.5,20.94953314,79.03077076
CLGE_FINAL-F1-144-4S,144,CLGE_FINAL,1,4S,0.0,2.9,3.4,6.0,5.0,132.0,138.0,7.0,12.0,9.5,20.94947026,79.03077076
CLGE_FINAL-F1-WASH_N_45-WASH,WASH_N_45,CLGE_FINAL,1,WASH,0.0,2.9,3.4,3.0,3.0,138.0,141.0,0.0,3.0,1.5,20.94954213,79.03081405
CLGE_FINAL-F1-WASH_S_45-WASH,WASH_S_45,CLGE_FINAL,1,WASH,0.0,2.9,3.4,3.0,3.0,138.0,141.0,7.0,10.0,8.5,20.94947924,79.03081405
CLGE_FINAL-F1-STR_NE-STR,STR_NE,CLGE_FINAL,1,STR,0.0,2.9,3.4,3.0,5.0,141.0,144.0,0.0,5.0,2.5,20.94953314,79.0308429
CLGE_FINAL-F1-STR_SE-STR,STR_SE,CLGE_FINAL,1,STR,0.0,2.9,3.4,3.0,5.0,141.0,144.0,7.0,12.0,9.5,20.94947026,79.0308429
CLGE_FINAL-F1-LIFT_C-LIFT,LIFT_C,CLGE_FINAL,1,LIFT,0.0,2.9,3.4,2.5,2.5,141.0,143.5,5.0,7.5,6.25,20.94949946,79.0308405
CLGE_FINAL-F1-CORR_01-CORR,CORR_01,CLGE_FINAL,1,CORR,0.0,2.9,3.4,144.0,2.0,0.0,144.0,5.0,7.0,6.0,20.9495017,79.03016477
CLGE_FINAL-F2-STR_NW-STR,STR_NW,CLGE_FINAL,2,STR,3.4,6.3,6.8,3.0,5.0,0.0,3.0,0.0,5.0,2.5,20.94953314,79.02948663
CLGE_FINAL-F2-STR_SW-STR,STR_SW,CLGE_FINAL,2,STR,3.4,6.3,6.8,3.0,5.0,0.0,3.0,7.0,12.0,9.5,20.94947026,79.02948663
CLGE_FINAL-F2-201-4S,201,CLGE_FINAL,2,4S,3.4,6.3,6.8,6.0,5.0,3.0,9.0,0.0,5.0,2.5,20.94953314,79.02952991
CLGE_FINAL-F2-202-4S,202,CLGE_FINAL,2,4S,3.4,6.3,6.8,6.0,5.0,3.0,9.0,7.0,12.0,9.5,20.94947026,79.02952991
CLGE_FINAL-F2-203-4S,203,CLGE_FINAL,2,4S,3.4,6.3,6.8,6.0,5.0,9.0,15.0,0.0,5.0,2.5,20.94953314,79.02958763
CLGE_FINAL-F2-204-4S,204,CLGE_FINAL,2,4S,3.4,6.3,6.8,6.0,5.0,9.0,15.0,7.0,12.0,9.5,20.94947026,79.02958763
CLGE_FINAL-F2-205-4S,205,CLGE_FINAL,2,4S,3.4,6.3,6.8,6.0,5.0,15.0,21.0,0.0,5.0,2.5,20.94953314,79.02964534
CLGE_FINAL-F2-206-4S,206,CLGE_FINAL,2,4S,3.4,6.3,6.8,6.0,5.0,15.0,21.0,7.0,12.0,9.5,20.94947026,79.02964534
CLGE_FINAL-F2-207-4S,207,CLGE_FINAL,2,4S,3.4,6.3,6.8,6.0,5.0,21.0,27.0,0.0,5.0,2.5,20.94953314,79.02970306
CLGE_FINAL-F2-208-4S,208,CLGE_FINAL,2,4S,3.4,6.3,6.8,6.0,5.0,21.0,27.0,7.0,12.0,9.5,20.94947026,79.02970306
CLGE_FINAL-F2-209-4S,209,CLGE_FINAL,2,4S,3.4,6.3,6.8,6.0,5.0,27.0,33.0,0.0,5.0,2.5,20.94953314,79.02976077
CLGE_FINAL-F2-210-4S,210,CLGE_FINAL,2,4S,3.4,6.3,6.8,6.0,5.0,27.0,33.0,7.0,12.0,9.5,20.94947026,79.02976077
CLGE_FINAL-F2-211-4S,211,CLGE_FINAL,2,4S,3.4,6.3,6.8,6.0,5.0,33.0,39.0,0.0,5.0,2.5,20.94953314,79.02981848
CLGE_FINAL-F2-212-4S,212,CLGE_FINAL,2,4S,3.4,6.3,6.8,6.0,5.0,33.0,39.0,7.0,12.0,9.5,20.94947026,79.02981848
CLGE_FINAL-F2-213-4S,213,CLGE_FINAL,2,4S,3.4,6.3,6.8,6.0,5.0,39.0,45.0,0.0,5.0,2.5,20.94953314,79.0298762
CLGE_FINAL-F2-214-4S,214,CLGE_FINAL,2,4S,3.4,6.3,6.8,6.0,5.0,39.0,45.0,7.0,12.0,9.5,20.94947026,79.0298762
CLGE_FINAL-F2-215-4S,215,CLGE_FINAL,2,4S,3.4,6.3,6.8,6.0,5.0,45.0,51.0,0.0,5.0,2.5,20.94953314,79.02993391
CLGE_FINAL-F2-216-4S,216,CLGE_FINAL,2,4S,3.4,6.3,6.8,6.0,5.0,45.0,51.0,7.0,12.0,9.5,20.94947026,79.02993391
CLGE_FINAL-F2-217-4S,217,CLGE_FINAL,2,4S,3.4,6.3,6.8,6.0,5.0,51.0,57.0,0.0,5.0,2.5,20.94953314,79.02999162
CLGE_FINAL-F2-218-4S,218,CLGE_FINAL,2,4S,3.4,6.3,6.8,6.0,5.0,51.0,57.0,7.0,12.0,9.5,20.94947026,79.02999162
CLGE_FINAL-F2-219-4S,219,CLGE_FINAL,2,4S,3.4,6.3,6.8,6.0,5.0,57.0,63.0,0.0,5.0,2.5,20.94953314,79.03004934
CLGE_FINAL-F2-220-4S,220,CLGE_FINAL,2,4S,3.4,6.3,6.8,6.0,5.0,57.0,63.0,7.0,12.0,9.5,20.94947026,79.03004934
CLGE_FINAL-F2-221-4S,221,CLGE_FINAL,2,4S,3.4,6.3,6.8,6.0,5.0,63.0,69.0,0.0,5.0,2.5,20.94953314,79.03010705
CLGE_FINAL-F2-222-4S,222,CLGE_FINAL,2,4S,3.4,6.3,6.8,6.0,5.0,63.0,69.0,7.0,12.0,9.5,20.94947026,79.03010705
CLGE_FINAL-F2-WASH_N_23-WASH,WASH_N_23,CLGE_FINAL,2,WASH,3.4,6.3,6.8,3.0,3.0,69.0,72.0,0.0,3.0,1.5,20.94954213,79.03015034
CLGE_FINAL-F2-WASH_S_23-WASH,WASH_S_23,CLGE_FINAL,2,WASH,3.4,6.3,6.8,3.0,3.0,69.0,72.0,7.0,10.0,8.5,20.94947924,79.03015034
CLGE_FINAL-F2-223-4S,223,CLGE_FINAL,2,4S,3.4,6.3,6.8,6.0,5.0,72.0,78.0,0.0,5.0,2.5,20.94953314,79.03019362
CLGE_FINAL-F2-224-4S,224,CLGE_FINAL,2,4S,3.4,6.3,6.8,6.0,5.0,72.0,78.0,7.0,12.0,9.5,20.94947026,79.03019362
CLGE_FINAL-F2-225-4S,225,CLGE_FINAL,2,4S,3.4,6.3,6.8,6.0,5.0,78.0,84.0,0.0,5.0,2.5,20.94953314,79.03025134
CLGE_FINAL-F2-226-4S,226,CLGE_FINAL,2,4S,3.4,6.3,6.8,6.0,5.0,78.0,84.0,7.0,12.0,9.5,20.94947026,79.03025134
CLGE_FINAL-F2-227-4S,227,CLGE_FINAL,2,4S,3.4,6.3,6.8,6.0,5.0,84.0,90.0,0.0,5.0,2.5,20.94953314,79.03030905
CLGE_FINAL-F2-228-4S,228,CLGE_FINAL,2,4S,3.4,6.3,6.8,6.0,5.0,84.0,90.0,7.0,12.0,9.5,20.94947026,79.03030905
CLGE_FINAL-F2-229-4S,229,CLGE_FINAL,2,4S,3.4,6.3,6.8,6.0,5.0,90.0,96.0,0.0,5.0,2.5,20.94953314,79.03036676
CLGE_FINAL-F2-230-4S,230,CLGE_FINAL,2,4S,3.4,6.3,6.8,6.0,5.0,90.0,96.0,7.0,12.0,9.5,20.94947026,79.03036676
CLGE_FINAL-F2-231-4S,231,CLGE_FINAL,2,4S,3.4,6.3,6.8,6.0,5.0,96.0,102.0,0.0,5.0,2.5,20.94953314,79.03042448
CLGE_FINAL-F2-232-4S,232,CLGE_FINAL,2,4S,3.4,6.3,6.8,6.0,5.0,96.0,102.0,7.0,12.0,9.5,20.94947026,79.03042448
CLGE_FINAL-F2-233-4S,233,CLGE_FINAL,2,4S,3.4,6.3,6.8,6.0,5.0,102.0,108.0,0.0,5.0,2.5,20.94953314,79.03048219
CLGE_FINAL-F2-234-4S,234,CLGE_FINAL,2,4S,3.4,6.3,6.8,6.0,5.0,102.0,108.0,7.0,12.0,9.5,20.94947026,79.03048219
CLGE_FINAL-F2-235-4S,235,CLGE_FINAL,2,4S,3.4,6.3,6.8,6.0,5.0,108.0,114.0,0.0,5.0,2.5,20.94953314,79.03053991
CLGE_FINAL-F2-236-4S,236,CLGE_FINAL,2,4S,3.4,6.3,6.8,6.0,5.0,108.0,114.0,7.0,12.0,9.5,20.94947026,79.03053991
CLGE_FINAL-F2-237-4S,237,CLGE_FINAL,2,4S,3.4,6.3,6.8,6.0,5.0,114.0,120.0,0.0,5.0,2.5,20.94953314,79.03059762
CLGE_FINAL-F2-238-4S,238,CLGE_FINAL,2,4S,3.4,6.3,6.8,6.0,5.0,114.0,120.0,7.0,12.0,9.5,20.94947026,79.03059762
CLGE_FINAL-F2-239-4S,239,CLGE_FINAL,2,4S,3.4,6.3,6.8,6.0,5.0,120.0,126.0,0.0,5.0,2.5,20.94953314,79.03065533
CLGE_FINAL-F2-240-4S,240,CLGE_FINAL,2,4S,3.4,6.3,6.8,6.0,5.0,120.0,126.0,7.0,12.0,9.5,20.94947026,79.03065533
CLGE_FINAL-F2-241-4S,241,CLGE_FINAL,2,4S,3.4,6.3,6.8,6.0,5.0,126.0,132.0,0.0,5.0,2.5,20.94953314,79.03071305
CLGE_FINAL-F2-242-4S,242,CLGE_FINAL,2,4S,3.4,6.3,6.8,6.0,5.0,126.0,132.0,7.0,12.0,9.5,20.94947026,79.03071305
CLGE_FINAL-F2-243-4S,243,CLGE_FINAL,2,4S,3.4,6.3,6.8,6.0,5.0,132.0,138.0,0.0,5.0,2.5,20.94953314,79.03077076
CLGE_FINAL-F2-244-4S,244,CLGE_FINAL,2,4S,3.4,6.3,6.8,6.0,5.0,132.0,138.0,7.0,12.0,9.5,20.94947026,79.03077076
CLGE_FINAL-F2-WASH_N_45-WASH,WASH_N_45,CLGE_FINAL,2,WASH,3.4,6.3,6.8,3.0,3.0,138.0,141.0,0.0,3.0,1.5,20.94954213,79.03081405
CLGE_FINAL-F2-WASH_S_45-WASH,WASH_S_45,CLGE_FINAL,2,WASH,3.4,6.3,6.8,3.0,3.0,138.0,141.0,7.0,10.0,8.5,20.94947924,79.03081405
CLGE_FINAL-F2-STR_NE-STR,STR_NE,CLGE_FINAL,2,STR,3.4,6.3,6.8,3.0,5.0,141.0,144.0,0.0,5.0,2.5,20.94953314,79.0308429
CLGE_FINAL-F2-STR_SE-STR,STR_SE,CLGE_FINAL,2,STR,3.4,6.3,6.8,3.0,5.0,141.0,144.0,7.0,12.0,9.5,20.94947026,79.0308429
CLGE_FINAL-F2-LIFT_C-LIFT,LIFT_C,CLGE_FINAL,2,LIFT,3.4,6.3,6.8,2.5,2.5,141.0,143.5,5.0,7.5,6.25,20.94949946,79.0308405
CLGE_FINAL-F2-CORR_01-CORR,CORR_01,CLGE_FINAL,2,CORR,3.4,6.3,6.8,144.0,2.0,0.0,144.0,5.0,7.0,6.0,20.9495017,79.03016477
CLGE_FINAL-F3-STR_NW-STR,STR_NW,CLGE_FINAL,3,STR,6.8,9.7,10.2,3.0,5.0,0.0,3.0,0.0,5.0,2.5,20.94953314,79.02948663
CLGE_FINAL-F3-STR_SW-STR,STR_SW,CLGE_FINAL,3,STR,6.8,9.7,10.2,3.0,5.0,0.0,3.0,7.0,12.0,9.5,20.94947026,79.02948663
CLGE_FINAL-F3-301-4S,301,CLGE_FINAL,3,4S,6.8,9.7,10.2,6.0,5.0,3.0,9.0,0.0,5.0,2.5,20.94953314,79.02952991
CLGE_FINAL-F3-302-4S,302,CLGE_FINAL,3,4S,6.8,9.7,10.2,6.0,5.0,3.0,9.0,7.0,12.0,9.5,20.94947026,79.02952991
CLGE_FINAL-F3-303-4S,303,CLGE_FINAL,3,4S,6.8,9.7,10.2,6.0,5.0,9.0,15.0,0.0,5.0,2.5,20.94953314,79.02958763
CLGE_FINAL-F3-304-4S,304,CLGE_FINAL,3,4S,6.8,9.7,10.2,6.0,5.0,9.0,15.0,7.0,12.0,9.5,20.94947026,79.02958763
CLGE_FINAL-F3-305-4S,305,CLGE_FINAL,3,4S,6.8,9.7,10.2,6.0,5.0,15.0,21.0,0.0,5.0,2.5,20.94953314,79.02964534
CLGE_FINAL-F3-306-4S,306,CLGE_FINAL,3,4S,6.8,9.7,10.2,6.0,5.0,15.0,21.0,7.0,12.0,9.5,20.94947026,79.02964534
CLGE_FINAL-F3-307-4S,307,CLGE_FINAL,3,4S,6.8,9.7,10.2,6.0,5.0,21.0,27.0,0.0,5.0,2.5,20.94953314,79.02970306
CLGE_FINAL-F3-308-4S,308,CLGE_FINAL,3,4S,6.8,9.7,10.2,6.0,5.0,21.0,27.0,7.0,12.0,9.5,20.94947026,79.02970306
CLGE_FINAL-F3-309-4S,309,CLGE_FINAL,3,4S,6.8,9.7,10.2,6.0,5.0,27.0,33.0,0.0,5.0,2.5,20.94953314,79.02976077
CLGE_FINAL-F3-310-4S,310,CLGE_FINAL,3,4S,6.8,9.7,10.2,6.0,5.0,27.0,33.0,7.0,12.0,9.5,20.94947026,79.02976077
CLGE_FINAL-F3-311-4S,311,CLGE_FINAL,3,4S,6.8,9.7,10.2,6.0,5.0,33.0,39.0,0.0,5.0,2.5,20.94953314,79.02981848
CLGE_FINAL-F3-312-4S,312,CLGE_FINAL,3,4S,6.8,9.7,10.2,6.0,5.0,33.0,39.0,7.0,12.0,9.5,20.94947026,79.02981848
CLGE_FINAL-F3-313-4S,313,CLGE_FINAL,3,4S,6.8,9.7,10.2,6.0,5.0,39.0,45.0,0.0,5.0,2.5,20.94953314,79.0298762
CLGE_FINAL-F3-314-4S,314,CLGE_FINAL,3,4S,6.8,9.7,10.2,6.0,5.0,39.0,45.0,7.0,12.0,9.5,20.94947026,79.0298762
CLGE_FINAL-F3-315-4S,315,CLGE_FINAL,3,4S,6.8,9.7,10.2,6.0,5.0,45.0,51.0,0.0,5.0,2.5,20.94953314,79.02993391
CLGE_FINAL-F3-316-4S,316,CLGE_FINAL,3,4S,6.8,9.7,10.2,6.0,5.0,45.0,51.0,7.0,12.0,9.5,20.94947026,79.02993391
CLGE_FINAL-F3-317-4S,317,CLGE_FINAL,3,4S,6.8,9.7,10.2,6.0,5.0,51.0,57.0,0.0,5.0,2.5,20.94953314,79.02999162
CLGE_FINAL-F3-318-4S,318,CLGE_FINAL,3,4S,6.8,9.7,10.2,6.0,5.0,51.0,57.0,7.0,12.0,9.5,20.94947026,79.02999162
CLGE_FINAL-F3-319-4S,319,CLGE_FINAL,3,4S,6.8,9.7,10.2,6.0,5.0,57.0,63.0,0.0,5.0,2.5,20.94953314,79.03004934
CLGE_FINAL-F3-320-4S,320,CLGE_FINAL,3,4S,6.8,9.7,10.2,6.0,5.0,57.0,63.0,7.0,12.0,9.5,20.94947026,79.03004934
CLGE_FINAL-F3-321-4S,321,CLGE_FINAL,3,4S,6.8,9.7,10.2,6.0,5.0,63.0,69.0,0.0,5.0,2.5,20.94953314,79.03010705
CLGE_FINAL-F3-322-4S,322,CLGE_FINAL,3,4S,6.8,9.7,10.2,6.0,5.0,63.0,69.0,7.0,12.0,9.5,20.94947026,79.03010705
CLGE_FINAL-F3-WASH_N_23-WASH,WASH_N_23,CLGE_FINAL,3,WASH,6.8,9.7,10.2,3.0,3.0,69.0,72.0,0.0,3.0,1.5,20.94954213,79.03015034
CLGE_FINAL-F3-WASH_S_23-WASH,WASH_S_23,CLGE_FINAL,3,WASH,6.8,9.7,10.2,3.0,3.0,69.0,72.0,7.0,10.0,8.5,20.94947924,79.03015034
CLGE_FINAL-F3-323-4S,323,CLGE_FINAL,3,4S,6.8,9.7,10.2,6.0,5.0,72.0,78.0,0.0,5.0,2.5,20.94953314,79.03019362
CLGE_FINAL-F3-324-4S,324,CLGE_FINAL,3,4S,6.8,9.7,10.2,6.0,5.0,72.0,78.0,7.0,12.0,9.5,20.94947026,79.03019362
CLGE_FINAL-F3-325-4S,325,CLGE_FINAL,3,4S,6.8,9.7,10.2,6.0,5.0,78.0,84.0,0.0,5.0,2.5,20.94953314,79.03025134
CLGE_FINAL-F3-326-4S,326,CLGE_FINAL,3,4S,6.8,9.7,10.2,6.0,5.0,78.0,84.0,7.0,12.0,9.5,20.94947026,79.03025134
CLGE_FINAL-F3-327-4S,327,CLGE_FINAL,3,4S,6.8,9.7,10.2,6.0,5.0,84.0,90.0,0.0,5.0,2.5,20.94953314,79.03030905
CLGE_FINAL-F3-328-4S,328,CLGE_FINAL,3,4S,6.8,9.7,10.2,6.0,5.0,84.0,90.0,7.0,12.0,9.5,20.94947026,79.03030905
CLGE_FINAL-F3-329-4S,329,CLGE_FINAL,3,4S,6.8,9.7,10.2,6.0,5.0,90.0,96.0,0.0,5.0,2.5,20.94953314,79.03036676
CLGE_FINAL-F3-330-4S,330,CLGE_FINAL,3,4S,6.8,9.7,10.2,6.0,5.0,90.0,96.0,7.0,12.0,9.5,20.94947026,79.03036676
CLGE_FINAL-F3-331-4S,331,CLGE_FINAL,3,4S,6.8,9.7,10.2,6.0,5.0,96.0,102.0,0.0,5.0,2.5,20.94953314,79.03042448
CLGE_FINAL-F3-332-4S,332,CLGE_FINAL,3,4S,6.8,9.7,10.2,6.0,5.0,96.0,102.0,7.0,12.0,9.5,20.94947026,79.03042448
CLGE_FINAL-F3-333-4S,333,CLGE_FINAL,3,4S,6.8,9.7,10.2,6.0,5.0,102.0,108.0,0.0,5.0,2.5,20.94953314,79.03048219
CLGE_FINAL-F3-334-4S,334,CLGE_FINAL,3,4S,6.8,9.7,10.2,6.0,5.0,102.0,108.0,7.0,12.0,9.5,20.94947026,79.03048219
CLGE_FINAL-F3-335-4S,335,CLGE_FINAL,3,4S,6.8,9.7,10.2,6.0,5.0,108.0,114.0,0.0,5.0,2.5,20.94953314,79.03053991
CLGE_FINAL-F3-336-4S,336,CLGE_FINAL,3,4S,6.8,9.7,10.2,6.0,5.0,108.0,114.0,7.0,12.0,9.5,20.94947026,79.03053991
CLGE_FINAL-F3-337-4S,337,CLGE_FINAL,3,4S,6.8,9.7,10.2,6.0,5.0,114.0,120.0,0.0,5.0,2.5,20.94953314,79.03059762
CLGE_FINAL-F3-338-4S,338,CLGE_FINAL,3,4S,6.8,9.7,10.2,6.0,5.0,114.0,120.0,7.0,12.0,9.5,20.94947026,79.03059762
CLGE_FINAL-F3-339-4S,339,CLGE_FINAL,3,4S,6.8,9.7,10.2,6.0,5.0,120.0,126.0,0.0,5.0,2.5,20.94953314,79.03065533
CLGE_FINAL-F3-340-4S,340,CLGE_FINAL,3,4S,6.8,9.7,10.2,6.0,5.0,120.0,126.0,7.0,12.0,9.5,20.94947026,79.03065533
CLGE_FINAL-F3-341-4S,341,CLGE_FINAL,3,4S,6.8,9.7,10.2,6.0,5.0,126.0,132.0,0.0,5.0,2.5,20.94953314,79.03071305
CLGE_FINAL-F3-342-4S,342,CLGE_FINAL,3,4S,6.8,9.7,10.2,6.0,5.0,126.0,132.0,7.0,12.0,9.5,20.94947026,79.03071305
CLGE_FINAL-F3-343-4S,343,CLGE_FINAL,3,4S,6.8,9.7,10.2,6.0,5.0,132.0,138.0,0.0,5.0,2.5,20.94953314,79.03077076
CLGE_FINAL-F3-344-4S,344,CLGE_FINAL,3,4S,6.8,9.7,10.2,6.0,5.0,132.0,138.0,7.0,12.0,9.5,20.94947026,79.03077076
CLGE_FINAL-F3-WASH_N_45-WASH,WASH_N_45,CLGE_FINAL,3,WASH,6.8,9.7,10.2,3.0,3.0,138.0,141.0,0.0,3.0,1.5,20.94954213,79.03081405
CLGE_FINAL-F3-WASH_S_45-WASH,WASH_S_45,CLGE_FINAL,3,WASH,6.8,9.7,10.2,3.0,3.0,138.0,141.0,7.0,10.0,8.5,20.94947924,79.03081405
CLGE_FINAL-F3-STR_NE-STR,STR_NE,CLGE_FINAL,3,STR,6.8,9.7,10.2,3.0,5.0,141.0,144.0,0.0,5.0,2.5,20.94953314,79.0308429
CLGE_FINAL-F3-STR_SE-STR,STR_SE,CLGE_FINAL,3,STR,6.8,9.7,10.2,3.0,5.0,141.0,144.0,7.0,12.0,9.5,20.94947026,79.0308429
CLGE_FINAL-F3-LIFT_C-LIFT,LIFT_C,CLGE_FINAL,3,LIFT,6.8,9.7,10.2,2.5,2.5,141.0,143.5,5.0,7.5,6.25,20.94949946,79.0308405
CLGE_FINAL-F3-CORR_01-CORR,CORR_01,CLGE_FINAL,3,CORR,6.8,9.7,10.2,144.0,2.0,0.0,144.0,5.0,7.0,6.0,20.9495017,79.03016477
CLGE_FINAL-F4-STR_NW-STR,STR_NW,CLGE_FINAL,4,STR,10.2,13.1,13.6,3.0,5.0,0.0,3.0,0.0,5.0,2.5,20.94953314,79.02948663
CLGE_FINAL-F4-STR_SW-STR,STR_SW,CLGE_FINAL,4,STR,10.2,13.1,13.6,3.0,5.0,0.0,3.0,7.0,12.0,9.5,20.94947026,79.02948663
CLGE_FINAL-F4-401-4S,401,CLGE_FINAL,4,4S,10.2,13.1,13.6,6.0,5.0,3.0,9.0,0.0,5.0,2.5,20.94953314,79.02952991
CLGE_FINAL-F4-402-4S,402,CLGE_FINAL,4,4S,10.2,13.1,13.6,6.0,5.0,3.0,9.0,7.0,12.0,9.5,20.94947026,79.02952991
CLGE_FINAL-F4-403-4S,403,CLGE_FINAL,4,4S,10.2,13.1,13.6,6.0,5.0,9.0,15.0,0.0,5.0,2.5,20.94953314,79.02958763
CLGE_FINAL-F4-404-4S,404,CLGE_FINAL,4,4S,10.2,13.1,13.6,6.0,5.0,9.0,15.0,7.0,12.0,9.5,20.94947026,79.02958763
CLGE_FINAL-F4-405-4S,405,CLGE_FINAL,4,4S,10.2,13.1,13.6,6.0,5.0,15.0,21.0,0.0,5.0,2.5,20.94953314,79.02964534
CLGE_FINAL-F4-406-4S,406,CLGE_FINAL,4,4S,10.2,13.1,13.6,6.0,5.0,15.0,21.0,7.0,12.0,9.5,20.94947026,79.02964534
CLGE_FINAL-F4-407-4S,407,CLGE_FINAL,4,4S,10.2,13.1,13.6,6.0,5.0,21.0,27.0,0.0,5.0,2.5,20.94953314,79.02970306
CLGE_FINAL-F4-408-4S,408,CLGE_FINAL,4,4S,10.2,13.1,13.6,6.0,5.0,21.0,27.0,7.0,12.0,9.5,20.94947026,79.02970306
CLGE_FINAL-F4-409-4S,409,CLGE_FINAL,4,4S,10.2,13.1,13.6,6.0,5.0,27.0,33.0,0.0,5.0,2.5,20.94953314,79.02976077
CLGE_FINAL-F4-410-4S,410,CLGE_FINAL,4,4S,10.2,13.1,13.6,6.0,5.0,27.0,33.0,7.0,12.0,9.5,20.94947026,79.02976077
CLGE_FINAL-F4-411-4S,411,CLGE_FINAL,4,4S,10.2,13.1,13.6,6.0,5.0,33.0,39.0,0.0,5.0,2.5,20.94953314,79.02981848
CLGE_FINAL-F4-412-4S,412,CLGE_FINAL,4,4S,10.2,13.1,13.6,6.0,5.0,33.0,39.0,7.0,12.0,9.5,20.94947026,79.02981848
CLGE_FINAL-F4-413-4S,413,CLGE_FINAL,4,4S,10.2,13.1,13.6,6.0,5.0,39.0,45.0,0.0,5.0,2.5,20.94953314,79.0298762
CLGE_FINAL-F4-414-4S,414,CLGE_FINAL,4,4S,10.2,13.1,13.6,6.0,5.0,39.0,45.0,7.0,12.0,9.5,20.94947026,79.0298762
CLGE_FINAL-F4-415-4S,415,CLGE_FINAL,4,4S,10.2,13.1,13.6,6.0,5.0,45.0,51.0,0.0,5.0,2.5,20.94953314,79.02993391
CLGE_FINAL-F4-416-4S,416,CLGE_FINAL,4,4S,10.2,13.1,13.6,6.0,5.0,45.0,51.0,7.0,12.0,9.5,20.94947026,79.02993391
CLGE_FINAL-F4-417-4S,417,CLGE_FINAL,4,4S,10.2,13.1,13.6,6.0,5.0,51.0,57.0,0.0,5.0,2.5,20.94953314,79.02999162
CLGE_FINAL-F4-418-4S,418,CLGE_FINAL,4,4S,10.2,13.1,13.6,6.0,5.0,51.0,57.0,7.0,12.0,9.5,20.94947026,79.02999162
CLGE_FINAL-F4-419-4S,419,CLGE_FINAL,4,4S,10.2,13.1,13.6,6.0,5.0,57.0,63.0,0.0,5.0,2.5,20.94953314,79.03004934
CLGE_FINAL-F4-420-4S,420,CLGE_FINAL,4,4S,10.2,13.1,13.6,6.0,5.0,57.0,63.0,7.0,12.0,9.5,20.94947026,79.03004934
CLGE_FINAL-F4-421-4S,421,CLGE_FINAL,4,4S,10.2,13.1,13.6,6.0,5.0,63.0,69.0,0.0,5.0,2.5,20.94953314,79.03010705
CLGE_FINAL-F4-422-4S,422,CLGE_FINAL,4,4S,10.2,13.1,13.6,6.0,5.0,63.0,69.0,7.0,12.0,9.5,20.94947026,79.03010705
CLGE_FINAL-F4-WASH_N_23-WASH,WASH_N_23,CLGE_FINAL,4,WASH,10.2,13.1,13.6,3.0,3.0,69.0,72.0,0.0,3.0,1.5,20.94954213,79.03015034
CLGE_FINAL-F4-WASH_S_23-WASH,WASH_S_23,CLGE_FINAL,4,WASH,10.2,13.1,13.6,3.0,3.0,69.0,72.0,7.0,10.0,8.5,20.94947924,79.03015034
CLGE_FINAL-F4-423-4S,423,CLGE_FINAL,4,4S,10.2,13.1,13.6,6.0,5.0,72.0,78.0,0.0,5.0,2.5,20.94953314,79.03019362
CLGE_FINAL-F4-424-4S,424,CLGE_FINAL,4,4S,10.2,13.1,13.6,6.0,5.0,72.0,78.0,7.0,12.0,9.5,20.94947026,79.03019362
CLGE_FINAL-F4-425-4S,425,CLGE_FINAL,4,4S,10.2,13.1,13.6,6.0,5.0,78.0,84.0,0.0,5.0,2.5,20.94953314,79.03025134
CLGE_FINAL-F4-426-4S,426,CLGE_FINAL,4,4S,10.2,13.1,13.6,6.0,5.0,78.0,84.0,7.0,12.0,9.5,20.94947026,79.03025134
CLGE_FINAL-F4-427-4S,427,CLGE_FINAL,4,4S,10.2,13.1,13.6,6.0,5.0,84.0,90.0,0.0,5.0,2.5,20.94953314,79.03030905
CLGE_FINAL-F4-428-4S,428,CLGE_FINAL,4,4S,10.2,13.1,13.6,6.0,5.0,84.0,90.0,7.0,12.0,9.5,20.94947026,79.03030905
CLGE_FINAL-F4-429-4S,429,CLGE_FINAL,4,4S,10.2,13.1,13.6,6.0,5.0,90.0,96.0,0.0,5.0,2.5,20.94953314,79.03036676
CLGE_FINAL-F4-430-4S,430,CLGE_FINAL,4,4S,10.2,13.1,13.6,6.0,5.0,90.0,96.0,7.0,12.0,9.5,20.94947026,79.03036676
CLGE_FINAL-F4-431-4S,431,CLGE_FINAL,4,4S,10.2,13.1,13.6,6.0,5.0,96.0,102.0,0.0,5.0,2.5,20.94953314,79.03042448
CLGE_FINAL-F4-432-4S,432,CLGE_FINAL,4,4S,10.2,13.1,13.6,6.0,5.0,96.0,102.0,7.0,12.0,9.5,20.94947026,79.03042448
CLGE_FINAL-F4-433-4S,433,CLGE_FINAL,4,4S,10.2,13.1,13.6,6.0,5.0,102.0,108.0,0.0,5.0,2.5,20.94953314,79.03048219
CLGE_FINAL-F4-434-4S,434,CLGE_FINAL,4,4S,10.2,13.1,13.6,6.0,5.0,102.0,108.0,7.0,12.0,9.5,20.94947026,79.03048219
CLGE_FINAL-F4-435-4S,435,CLGE_FINAL,4,4S,10.2,13.1,13.6,6.0,5.0,108.0,114.0,0.0,5.0,2.5,20.94953314,79.03053991
CLGE_FINAL-F4-436-4S,436,CLGE_FINAL,4,4S,10.2,13.1,13.6,6.0,5.0,108.0,114.0,7.0,12.0,9.5,20.94947026,79.03053991
CLGE_FINAL-F4-437-4S,437,CLGE_FINAL,4,4S,10.2,13.1,13.6,6.0,5.0,114.0,120.0,0.0,5.0,2.5,20.94953314,79.03059762
CLGE_FINAL-F4-438-4S,438,CLGE_FINAL,4,4S,10.2,13.1,13.6,6.0,5.0,114.0,120.0,7.0,12.0,9.5,20.94947026,79.03059762
CLGE_FINAL-F4-439-4S,439,CLGE_FINAL,4,4S,10.2,13.1,13.6,6.0,5.0,120.0,126.0,0.0,5.0,2.5,20.94953314,79.03065533
CLGE_FINAL-F4-440-4S,440,CLGE_FINAL,4,4S,10.2,13.1,13.6,6.0,5.0,120.0,126.0,7.0,12.0,9.5,20.94947026,79.03065533
CLGE_FINAL-F4-441-4S,441,CLGE_FINAL,4,4S,10.2,13.1,13.6,6.0,5.0,126.0,132.0,0.0,5.0,2.5,20.94953314,79.03071305
CLGE_FINAL-F4-442-4S,442,CLGE_FINAL,4,4S,10.2,13.1,13.6,6.0,5.0,126.0,132.0,7.0,12.0,9.5,20.94947026,79.03071305
CLGE_FINAL-F4-443-4S,443,CLGE_FINAL,4,4S,10.2,13.1,13.6,6.0,5.0,132.0,138.0,0.0,5.0,2.5,20.94953314,79.03077076
CLGE_FINAL-F4-444-4S,444,CLGE_FINAL,4,4S,10.2,13.1,13.6,6.0,5.0,132.0,138.0,7.0,12.0,9.5,20.94947026,79.03077076
CLGE_FINAL-F4-WASH_N_45-WASH,WASH_N_45,CLGE_FINAL,4,WASH,10.2,13.1,13.6,3.0,3.0,138.0,141.0,0.0,3.0,1.5,20.94954213,79.03081405
CLGE_FINAL-F4-WASH_S_45-WASH,WASH_S_45,CLGE_FINAL,4,WASH,10.2,13.1,13.6,3.0,3.0,138.0,141.0,7.0,10.0,8.5,20.94947924,79.03081405
CLGE_FINAL-F4-STR_NE-STR,STR_NE,CLGE_FINAL,4,STR,10.2,13.1,13.6,3.0,5.0,141.0,144.0,0.0,5.0,2.5,20.94953314,79.0308429
CLGE_FINAL-F4-STR_SE-STR,STR_SE,CLGE_FINAL,4,STR,10.2,13.1,13.6,3.0,5.0,141.0,144.0,7.0,12.0,9.5,20.94947026,79.0308429
CLGE_FINAL-F4-LIFT_C-LIFT,LIFT_C,CLGE_FINAL,4,LIFT,10.2,13.1,13.6,2.5,2.5,141.0,143.5,5.0,7.5,6.25,20.94949946,79.0308405
CLGE_FINAL-F4-CORR_01-CORR,CORR_01,CLGE_FINAL,4,CORR,10.2,13.1,13.6,144.0,2.0,0.0,144.0,5.0,7.0,6.0,20.9495017,79.03016477
CLGE_FINAL-F5-STR_NW-STR,STR_NW,CLGE_FINAL,5,STR,13.6,16.5,17.0,3.0,5.0,0.0,3.0,0.0,5.0,2.5,20.94953314,79.02948663
CLGE_FINAL-F5-STR_SW-STR,STR_SW,CLGE_FINAL,5,STR,13.6,16.5,17.0,3.0,5.0,0.0,3.0,7.0,12.0,9.5,20.94947026,79.02948663
CLGE_FINAL-F5-501-4S,501,CLGE_FINAL,5,4S,13.6,16.5,17.0,6.0,5.0,3.0,9.0,0.0,5.0,2.5,20.94953314,79.02952991
CLGE_FINAL-F5-502-4S,502,CLGE_FINAL,5,4S,13.6,16.5,17.0,6.0,5.0,3.0,9.0,7.0,12.0,9.5,20.94947026,79.02952991
CLGE_FINAL-F5-503-4S,503,CLGE_FINAL,5,4S,13.6,16.5,17.0,6.0,5.0,9.0,15.0,0.0,5.0,2.5,20.94953314,79.02958763
CLGE_FINAL-F5-504-4S,504,CLGE_FINAL,5,4S,13.6,16.5,17.0,6.0,5.0,9.0,15.0,7.0,12.0,9.5,20.94947026,79.02958763
CLGE_FINAL-F5-505-4S,505,CLGE_FINAL,5,4S,13.6,16.5,17.0,6.0,5.0,15.0,21.0,0.0,5.0,2.5,20.94953314,79.02964534
CLGE_FINAL-F5-506-4S,506,CLGE_FINAL,5,4S,13.6,16.5,17.0,6.0,5.0,15.0,21.0,7.0,12.0,9.5,20.94947026,79.02964534
CLGE_FINAL-F5-507-4S,507,CLGE_FINAL,5,4S,13.6,16.5,17.0,6.0,5.0,21.0,27.0,0.0,5.0,2.5,20.94953314,79.02970306
CLGE_FINAL-F5-508-4S,508,CLGE_FINAL,5,4S,13.6,16.5,17.0,6.0,5.0,21.0,27.0,7.0,12.0,9.5,20.94947026,79.02970306
CLGE_FINAL-F5-509-4S,509,CLGE_FINAL,5,4S,13.6,16.5,17.0,6.0,5.0,27.0,33.0,0.0,5.0,2.5,20.94953314,79.02976077
CLGE_FINAL-F5-510-4S,510,CLGE_FINAL,5,4S,13.6,16.5,17.0,6.0,5.0,27.0,33.0,7.0,12.0,9.5,20.94947026,79.02976077
CLGE_FINAL-F5-511-4S,511,CLGE_FINAL,5,4S,13.6,16.5,17.0,6.0,5.0,33.0,39.0,0.0,5.0,2.5,20.94953314,79.02981848
CLGE_FINAL-F5-512-4S,512,CLGE_FINAL,5,4S,13.6,16.5,17.0,6.0,5.0,33.0,39.0,7.0,12.0,9.5,20.94947026,79.02981848
CLGE_FINAL-F5-513-4S,513,CLGE_FINAL,5,4S,13.6,16.5,17.0,6.0,5.0,39.0,45.0,0.0,5.0,2.5,20.94953314,79.0298762
CLGE_FINAL-F5-514-4S,514,CLGE_FINAL,5,4S,13.6,16.5,17.0,6.0,5.0,39.0,45.0,7.0,12.0,9.5,20.94947026,79.0298762
CLGE_FINAL-F5-515-4S,515,CLGE_FINAL,5,4S,13.6,16.5,17.0,6.0,5.0,45.0,51.0,0.0,5.0,2.5,20.94953314,79.02993391
CLGE_FINAL-F5-516-4S,516,CLGE_FINAL,5,4S,13.6,16.5,17.0,6.0,5.0,45.0,51.0,7.0,12.0,9.5,20.94947026,79.02993391
CLGE_FINAL-F5-517-4S,517,CLGE_FINAL,5,4S,13.6,16.5,17.0,6.0,5.0,51.0,57.0,0.0,5.0,2.5,20.94953314,79.02999162
CLGE_FINAL-F5-518-4S,518,CLGE_FINAL,5,4S,13.6,16.5,17.0,6.0,5.0,51.0,57.0,7.0,12.0,9.5,20.94947026,79.02999162
CLGE_FINAL-F5-519-4S,519,CLGE_FINAL,5,4S,13.6,16.5,17.0,6.0,5.0,57.0,63.0,0.0,5.0,2.5,20.94953314,79.03004934
CLGE_FINAL-F5-520-4S,520,CLGE_FINAL,5,4S,13.6,16.5,17.0,6.0,5.0,57.0,63.0,7.0,12.0,9.5,20.94947026,79.03004934
CLGE_FINAL-F5-521-4S,521,CLGE_FINAL,5,4S,13.6,16.5,17.0,6.0,5.0,63.0,69.0,0.0,5.0,2.5,20.94953314,79.03010705
CLGE_FINAL-F5-522-4S,522,CLGE_FINAL,5,4S,13.6,16.5,17.0,6.0,5.0,63.0,69.0,7.0,12.0,9.5,20.94947026,79.03010705
CLGE_FINAL-F5-WASH_N_23-WASH,WASH_N_23,CLGE_FINAL,5,WASH,13.6,16.5,17.0,3.0,3.0,69.0,72.0,0.0,3.0,1.5,20.94954213,79.03015034
CLGE_FINAL-F5-WASH_S_23-WASH,WASH_S_23,CLGE_FINAL,5,WASH,13.6,16.5,17.0,3.0,3.0,69.0,72.0,7.0,10.0,8.5,20.94947924,79.03015034
CLGE_FINAL-F5-523-4S,523,CLGE_FINAL,5,4S,13.6,16.5,17.0,6.0,5.0,72.0,78.0,0.0,5.0,2.5,20.94953314,79.03019362
CLGE_FINAL-F5-524-4S,524,CLGE_FINAL,5,4S,13.6,16.5,17.0,6.0,5.0,72.0,78.0,7.0,12.0,9.5,20.94947026,79.03019362
CLGE_FINAL-F5-525-4S,525,CLGE_FINAL,5,4S,13.6,16.5,17.0,6.0,5.0,78.0,84.0,0.0,5.0,2.5,20.94953314,79.03025134
CLGE_FINAL-F5-526-4S,526,CLGE_FINAL,5,4S,13.6,16.5,17.0,6.0,5.0,78.0,84.0,7.0,12.0,9.5,20.94947026,79.03025134
CLGE_FINAL-F5-527-4S,527,CLGE_FINAL,5,4S,13.6,16.5,17.0,6.0,5.0,84.0,90.0,0.0,5.0,2.5,20.94953314,79.03030905
CLGE_FINAL-F5-528-4S,528,CLGE_FINAL,5,4S,13.6,16.5,17.0,6.0,5.0,84.0,90.0,7.0,12.0,9.5,20.94947026,79.03030905
CLGE_FINAL-F5-529-4S,529,CLGE_FINAL,5,4S,13.6,16.5,17.0,6.0,5.0,90.0,96.0,0.0,5.0,2.5,20.94953314,79.03036676
CLGE_FINAL-F5-530-4S,530,CLGE_FINAL,5,4S,13.6,16.5,17.0,6.0,5.0,90.0,96.0,7.0,12.0,9.5,20.94947026,79.03036676
CLGE_FINAL-F5-531-4S,531,CLGE_FINAL,5,4S,13.6,16.5,17.0,6.0,5.0,96.0,102.0,0.0,5.0,2.5,20.94953314,79.03042448
CLGE_FINAL-F5-532-4S,532,CLGE_FINAL,5,4S,13.6,16.5,17.0,6.0,5.0,96.0,102.0,7.0,12.0,9.5,20.94947026,79.03042448
CLGE_FINAL-F5-533-4S,533,CLGE_FINAL,5,4S,13.6,16.5,17.0,6.0,5.0,102.0,108.0,0.0,5.0,2.5,20.94953314,79.03048219
CLGE_FINAL-F5-534-4S,534,CLGE_FINAL,5,4S,13.6,16.5,17.0,6.0,5.0,102.0,108.0,7.0,12.0,9.5,20.94947026,79.03048219
CLGE_FINAL-F5-535-4S,535,CLGE_FINAL,5,4S,13.6,16.5,17.0,6.0,5.0,108.0,114.0,0.0,5.0,2.5,20.94953314,79.03053991
CLGE_FINAL-F5-536-4S,536,CLGE_FINAL,5,4S,13.6,16.5,17.0,6.0,5.0,108.0,114.0,7.0,12.0,9.5,20.94947026,79.03053991
CLGE_FINAL-F5-537-4S,537,CLGE_FINAL,5,4S,13.6,16.5,17.0,6.0,5.0,114.0,120.0,0.0,5.0,2.5,20.94953314,79.03059762
CLGE_FINAL-F5-538-4S,538,CLGE_FINAL,5,4S,13.6,16.5,17.0,6.0,5.0,114.0,120.0,7.0,12.0,9.5,20.94947026,79.03059762
CLGE_FINAL-F5-539-4S,539,CLGE_FINAL,5,4S,13.6,16.5,17.0,6.0,5.0,120.0,126.0,0.0,5.0,2.5,20.94953314,79.03065533
CLGE_FINAL-F5-540-4S,540,CLGE_FINAL,5,4S,13.6,16.5,17.0,6.0,5.0,120.0,126.0,7.0,12.0,9.5,20.94947026,79.03065533
CLGE_FINAL-F5-541-4S,541,CLGE_FINAL,5,4S,13.6,16.5,17.0,6.0,5.0,126.0,132.0,0.0,5.0,2.5,20.94953314,79.03071305
CLGE_FINAL-F5-542-4S,542,CLGE_FINAL,5,4S,13.6,16.5,17.0,6.0,5.0,126.0,132.0,7.0,12.0,9.5,20.94947026,79.03071305
CLGE_FINAL-F5-543-4S,543,CLGE_FINAL,5,4S,13.6,16.5,17.0,6.0,5.0,132.0,138.0,0.0,5.0,2.5,20.94953314,79.03077076
CLGE_FINAL-F5-544-4S,544,CLGE_FINAL,5,4S,13.6,16.5,17.0,6.0,5.0,132.0,138.0,7.0,12.0,9.5,20.94947026,79.03077076
CLGE_FINAL-F5-WASH_N_45-WASH,WASH_N_45,CLGE_FINAL,5,WASH,13.6,16.5,17.0,3.0,3.0,138.0,141.0,0.0,3.0,1.5,20.94954213,79.03081405
CLGE_FINAL-F5-WASH_S_45-WASH,WASH_S_45,CLGE_FINAL,5,WASH,13.6,16.5,17.0,3.0,3.0,138.0,141.0,7.0,10.0,8.5,20.94947924,79.03081405
CLGE_FINAL-F5-STR_NE-STR,STR_NE,CLGE_FINAL,5,STR,13.6,16.5,17.0,3.0,5.0,141.0,144.0,0.0,5.0,2.5,20.94953314,79.0308429
CLGE_FINAL-F5-STR_SE-STR,STR_SE,CLGE_FINAL,5,STR,13.6,16.5,17.0,3.0,5.0,141.0,144.0,7.0,12.0,9.5,20.94947026,79.0308429
CLGE_FINAL-F5-LIFT_C-LIFT,LIFT_C,CLGE_FINAL,5,LIFT,13.6,16.5,17.0,2.5,2.5,141.0,143.5,5.0,7.5,6.25,20.94949946,79.0308405
CLGE_FINAL-F5-CORR_01-CORR,CORR_01,CLGE_FINAL,5,CORR,13.6,16.5,17.0,144.0,2.0,0.0,144.0,5.0,7.0,6.0,20.9495017,79.03016477
CLGE_FINAL-F6-STR_NW-STR,STR_NW,CLGE_FINAL,6,STR,17.0,19.9,20.4,3.0,5.0,0.0,3.0,0.0,5.0,2.5,20.94953314,79.02948663
CLGE_FINAL-F6-STR_SW-STR,STR_SW,CLGE_FINAL,6,STR,17.0,19.9,20.4,3.0,5.0,0.0,3.0,7.0,12.0,9.5,20.94947026,79.02948663
CLGE_FINAL-F6-601-4S,601,CLGE_FINAL,6,4S,17.0,19.9,20.4,6.0,5.0,3.0,9.0,0.0,5.0,2.5,20.94953314,79.02952991
CLGE_FINAL-F6-602-4S,602,CLGE_FINAL,6,4S,17.0,19.9,20.4,6.0,5.0,3.0,9.0,7.0,12.0,9.5,20.94947026,79.02952991
CLGE_FINAL-F6-603-4S,603,CLGE_FINAL,6,4S,17.0,19.9,20.4,6.0,5.0,9.0,15.0,0.0,5.0,2.5,20.94953314,79.02958763
CLGE_FINAL-F6-604-4S,604,CLGE_FINAL,6,4S,17.0,19.9,20.4,6.0,5.0,9.0,15.0,7.0,12.0,9.5,20.94947026,79.02958763
CLGE_FINAL-F6-605-4S,605,CLGE_FINAL,6,4S,17.0,19.9,20.4,6.0,5.0,15.0,21.0,0.0,5.0,2.5,20.94953314,79.02964534
CLGE_FINAL-F6-606-4S,606,CLGE_FINAL,6,4S,17.0,19.9,20.4,6.0,5.0,15.0,21.0,7.0,12.0,9.5,20.94947026,79.02964534
CLGE_FINAL-F6-607-4S,607,CLGE_FINAL,6,4S,17.0,19.9,20.4,6.0,5.0,21.0,27.0,0.0,5.0,2.5,20.94953314,79.02970306
CLGE_FINAL-F6-608-4S,608,CLGE_FINAL,6,4S,17.0,19.9,20.4,6.0,5.0,21.0,27.0,7.0,12.0,9.5,20.94947026,79.02970306
CLGE_FINAL-F6-609-4S,609,CLGE_FINAL,6,4S,17.0,19.9,20.4,6.0,5.0,27.0,33.0,0.0,5.0,2.5,20.94953314,79.02976077
CLGE_FINAL-F6-610-4S,610,CLGE_FINAL,6,4S,17.0,19.9,20.4,6.0,5.0,27.0,33.0,7.0,12.0,9.5,20.94947026,79.02976077
CLGE_FINAL-F6-611-4S,611,CLGE_FINAL,6,4S,17.0,19.9,20.4,6.0,5.0,33.0,39.0,0.0,5.0,2.5,20.94953314,79.02981848
CLGE_FINAL-F6-612-4S,612,CLGE_FINAL,6,4S,17.0,19.9,20.4,6.0,5.0,33.0,39.0,7.0,12.0,9.5,20.94947026,79.02981848
CLGE_FINAL-F6-613-4S,613,CLGE_FINAL,6,4S,17.0,19.9,20.4,6.0,5.0,39.0,45.0,0.0,5.0,2.5,20.94953314,79.0298762
CLGE_FINAL-F6-614-4S,614,CLGE_FINAL,6,4S,17.0,19.9,20.4,6.0,5.0,39.0,45.0,7.0,12.0,9.5,20.94947026,79.0298762
CLGE_FINAL-F6-615-4S,615,CLGE_FINAL,6,4S,17.0,19.9,20.4,6.0,5.0,45.0,51.0,0.0,5.0,2.5,20.94953314,79.02993391
CLGE_FINAL-F6-616-4S,616,CLGE_FINAL,6,4S,17.0,19.9,20.4,6.0,5.0,45.0,51.0,7.0,12.0,9.5,20.94947026,79.02993391
CLGE_FINAL-F6-617-4S,617,CLGE_FINAL,6,4S,17.0,19.9,20.4,6.0,5.0,51.0,57.0,0.0,5.0,2.5,20.94953314,79.02999162
CLGE_FINAL-F6-618-4S,618,CLGE_FINAL,6,4S,17.0,19.9,20.4,6.0,5.0,51.0,57.0,7.0,12.0,9.5,20.94947026,79.02999162
CLGE_FINAL-F6-619-4S,619,CLGE_FINAL,6,4S,17.0,19.9,20.4,6.0,5.0,57.0,63.0,0.0,5.0,2.5,20.94953314,79.03004934
CLGE_FINAL-F6-620-4S,620,CLGE_FINAL,6,4S,17.0,19.9,20.4,6.0,5.0,57.0,63.0,7.0,12.0,9.5,20.94947026,79.03004934
CLGE_FINAL-F6-621-4S,621,CLGE_FINAL,6,4S,17.0,19.9,20.4,6.0,5.0,63.0,69.0,0.0,5.0,2.5,20.94953314,79.03010705
CLGE_FINAL-F6-622-4S,622,CLGE_FINAL,6,4S,17.0,19.9,20.4,6.0,5.0,63.0,69.0,7.0,12.0,9.5,20.94947026,79.03010705
CLGE_FINAL-F6-WASH_N_23-WASH,WASH_N_23,CLGE_FINAL,6,WASH,17.0,19.9,20.4,3.0,3.0,69.0,72.0,0.0,3.0,1.5,20.94954213,79.03015034
CLGE_FINAL-F6-WASH_S_23-WASH,WASH_S_23,CLGE_FINAL,6,WASH,17.0,19.9,20.4,3.0,3.0,69.0,72.0,7.0,10.0,8.5,20.94947924,79.03015034
CLGE_FINAL-F6-623-4S,623,CLGE_FINAL,6,4S,17.0,19.9,20.4,6.0,5.0,72.0,78.0,0.0,5.0,2.5,20.94953314,79.03019362
CLGE_FINAL-F6-624-4S,624,CLGE_FINAL,6,4S,17.0,19.9,20.4,6.0,5.0,72.0,78.0,7.0,12.0,9.5,20.94947026,79.03019362
CLGE_FINAL-F6-625-4S,625,CLGE_FINAL,6,4S,17.0,19.9,20.4,6.0,5.0,78.0,84.0,0.0,5.0,2.5,20.94953314,79.03025134
CLGE_FINAL-F6-626-4S,626,CLGE_FINAL,6,4S,17.0,19.9,20.4,6.0,5.0,78.0,84.0,7.0,12.0,9.5,20.94947026,79.03025134
CLGE_FINAL-F6-627-4S,627,CLGE_FINAL,6,4S,17.0,19.9,20.4,6.0,5.0,84.0,90.0,0.0,5.0,2.5,20.94953314,79.03030905
CLGE_FINAL-F6-628-4S,628,CLGE_FINAL,6,4S,17.0,19.9,20.4,6.0,5.0,84.0,90.0,7.0,12.0,9.5,20.94947026,79.03030905
CLGE_FINAL-F6-629-4S,629,CLGE_FINAL,6,4S,17.0,19.9,20.4,6.0,5.0,90.0,96.0,0.0,5.0,2.5,20.94953314,79.03036676
CLGE_FINAL-F6-630-4S,630,CLGE_FINAL,6,4S,17.0,19.9,20.4,6.0,5.0,90.0,96.0,7.0,12.0,9.5,20.94947026,79.03036676
CLGE_FINAL-F6-631-4S,631,CLGE_FINAL,6,4S,17.0,19.9,20.4,6.0,5.0,96.0,102.0,0.0,5.0,2.5,20.94953314,79.03042448
CLGE_FINAL-F6-632-4S,632,CLGE_FINAL,6,4S,17.0,19.9,20.4,6.0,5.0,96.0,102.0,7.0,12.0,9.5,20.94947026,79.03042448
CLGE_FINAL-F6-633-4S,633,CLGE_FINAL,6,4S,17.0,19.9,20.4,6.0,5.0,102.0,108.0,0.0,5.0,2.5,20.94953314,79.03048219
CLGE_FINAL-F6-634-4S,634,CLGE_FINAL,6,4S,17.0,19.9,20.4,6.0,5.0,102.0,108.0,7.0,12.0,9.5,20.94947026,79.03048219
CLGE_FINAL-F6-635-4S,635,CLGE_FINAL,6,4S,17.0,19.9,20.4,6.0,5.0,108.0,114.0,0.0,5.0,2.5,20.94953314,79.03053991
CLGE_FINAL-F6-636-4S,636,CLGE_FINAL,6,4S,17.0,19.9,20.4,6.0,5.0,108.0,114.0,7.0,12.0,9.5,20.94947026,79.03053991
CLGE_FINAL-F6-637-4S,637,CLGE_FINAL,6,4S,17.0,19.9,20.4,6.0,5.0,114.0,120.0,0.0,5.0,2.5,20.94953314,79.03059762
CLGE_FINAL-F6-638-4S,638,CLGE_FINAL,6,4S,17.0,19.9,20.4,6.0,5.0,114.0,120.0,7.0,12.0,9.5,20.94947026,79.03059762
CLGE_FINAL-F6-639-4S,639,CLGE_FINAL,6,4S,17.0,19.9,20.4,6.0,5.0,120.0,126.0,0.0,5.0,2.5,20.94953314,79.03065533
CLGE_FINAL-F6-640-4S,640,CLGE_FINAL,6,4S,17.0,19.9,20.4,6.0,5.0,120.0,126.0,7.0,12.0,9.5,20.94947026,79.03065533
CLGE_FINAL-F6-641-4S,641,CLGE_FINAL,6,4S,17.0,19.9,20.4,6.0,5.0,126.0,132.0,0.0,5.0,2.5,20.94953314,79.03071305
CLGE_FINAL-F6-642-4S,642,CLGE_FINAL,6,4S,17.0,19.9,20.4,6.0,5.0,126.0,132.0,7.0,12.0,9.5,20.94947026,79.03071305
CLGE_FINAL-F6-643-4S,643,CLGE_FINAL,6,4S,17.0,19.9,20.4,6.0,5.0,132.0,138.0,0.0,5.0,2.5,20.94953314,79.03077076
CLGE_FINAL-F6-644-4S,644,CLGE_FINAL,6,4S,17.0,19.9,20.4,6.0,5.0,132.0,138.0,7.0,12.0,9.5,20.94947026,79.03077076
CLGE_FINAL-F6-WASH_N_45-WASH,WASH_N_45,CLGE_FINAL,6,WASH,17.0,19.9,20.4,3.0,3.0,138.0,141.0,0.0,3.0,1.5,20.94954213,79.03081405
CLGE_FINAL-F6-WASH_S_45-WASH,WASH_S_45,CLGE_FINAL,6,WASH,17.0,19.9,20.4,3.0,3.0,138.0,141.0,7.0,10.0,8.5,20.94947924,79.03081405
CLGE_FINAL-F6-STR_NE-STR,STR_NE,CLGE_FINAL,6,STR,17.0,19.9,20.4,3.0,5.0,141.0,144.0,0.0,5.0,2.5,20.94953314,79.0308429
CLGE_FINAL-F6-STR_SE-STR,STR_SE,CLGE_FINAL,6,STR,17.0,19.9,20.4,3.0,5.0,141.0,144.0,7.0,12.0,9.5,20.94947026,79.0308429
CLGE_FINAL-F6-LIFT_C-LIFT,LIFT_C,CLGE_FINAL,6,LIFT,17.0,19.9,20.4,2.5,2.5,141.0,143.5,5.0,7.5,6.25,20.94949946,79.0308405
CLGE_FINAL-F6-CORR_01-CORR,CORR_01,CLGE_FINAL,6,CORR,17.0,19.9,20.4,144.0,2.0,0.0,144.0,5.0,7.0,6.0,20.9495017,79.03016477
CLGE_FINAL-F7-STR_NW-STR,STR_NW,CLGE_FINAL,7,STR,20.4,23.3,23.8,3.0,5.0,0.0,3.0,0.0,5.0,2.5,20.94953314,79.02948663
CLGE_FINAL-F7-STR_SW-STR,STR_SW,CLGE_FINAL,7,STR,20.4,23.3,23.8,3.0,5.0,0.0,3.0,7.0,12.0,9.5,20.94947026,79.02948663
CLGE_FINAL-F7-701-4S,701,CLGE_FINAL,7,4S,20.4,23.3,23.8,6.0,5.0,3.0,9.0,0.0,5.0,2.5,20.94953314,79.02952991
CLGE_FINAL-F7-702-4S,702,CLGE_FINAL,7,4S,20.4,23.3,23.8,6.0,5.0,3.0,9.0,7.0,12.0,9.5,20.94947026,79.02952991
CLGE_FINAL-F7-703-4S,703,CLGE_FINAL,7,4S,20.4,23.3,23.8,6.0,5.0,9.0,15.0,0.0,5.0,2.5,20.94953314,79.02958763
CLGE_FINAL-F7-704-4S,704,CLGE_FINAL,7,4S,20.4,23.3,23.8,6.0,5.0,9.0,15.0,7.0,12.0,9.5,20.94947026,79.02958763
CLGE_FINAL-F7-705-4S,705,CLGE_FINAL,7,4S,20.4,23.3,23.8,6.0,5.0,15.0,21.0,0.0,5.0,2.5,20.94953314,79.02964534
CLGE_FINAL-F7-706-4S,706,CLGE_FINAL,7,4S,20.4,23.3,23.8,6.0,5.0,15.0,21.0,7.0,12.0,9.5,20.94947026,79.02964534
CLGE_FINAL-F7-707-4S,707,CLGE_FINAL,7,4S,20.4,23.3,23.8,6.0,5.0,21.0,27.0,0.0,5.0,2.5,20.94953314,79.02970306
CLGE_FINAL-F7-708-4S,708,CLGE_FINAL,7,4S,20.4,23.3,23.8,6.0,5.0,21.0,27.0,7.0,12.0,9.5,20.94947026,79.02970306
CLGE_FINAL-F7-709-4S,709,CLGE_FINAL,7,4S,20.4,23.3,23.8,6.0,5.0,27.0,33.0,0.0,5.0,2.5,20.94953314,79.02976077
CLGE_FINAL-F7-710-4S,710,CLGE_FINAL,7,4S,20.4,23.3,23.8,6.0,5.0,27.0,33.0,7.0,12.0,9.5,20.94947026,79.02976077
CLGE_FINAL-F7-711-4S,711,CLGE_FINAL,7,4S,20.4,23.3,23.8,6.0,5.0,33.0,39.0,0.0,5.0,2.5,20.94953314,79.02981848
CLGE_FINAL-F7-712-4S,712,CLGE_FINAL,7,4S,20.4,23.3,23.8,6.0,5.0,33.0,39.0,7.0,12.0,9.5,20.94947026,79.02981848
CLGE_FINAL-F7-713-4S,713,CLGE_FINAL,7,4S,20.4,23.3,23.8,6.0,5.0,39.0,45.0,0.0,5.0,2.5,20.94953314,79.0298762
CLGE_FINAL-F7-714-4S,714,CLGE_FINAL,7,4S,20.4,23.3,23.8,6.0,5.0,39.0,45.0,7.0,12.0,9.5,20.94947026,79.0298762
CLGE_FINAL-F7-715-4S,715,CLGE_FINAL,7,4S,20.4,23.3,23.8,6.0,5.0,45.0,51.0,0.0,5.0,2.5,20.94953314,79.02993391
CLGE_FINAL-F7-716-4S,716,CLGE_FINAL,7,4S,20.4,23.3,23.8,6.0,5.0,45.0,51.0,7.0,12.0,9.5,20.94947026,79.02993391
CLGE_FINAL-F7-717-4S,717,CLGE_FINAL,7,4S,20.4,23.3,23.8,6.0,5.0,51.0,57.0,0.0,5.0,2.5,20.94953314,79.02999162
CLGE_FINAL-F7-718-4S,718,CLGE_FINAL,7,4S,20.4,23.3,23.8,6.0,5.0,51.0,57.0,7.0,12.0,9.5,20.94947026,79.02999162
CLGE_FINAL-F7-719-4S,719,CLGE_FINAL,7,4S,20.4,23.3,23.8,6.0,5.0,57.0,63.0,0.0,5.0,2.5,20.94953314,79.03004934
CLGE_FINAL-F7-720-4S,720,CLGE_FINAL,7,4S,20.4,23.3,23.8,6.0,5.0,57.0,63.0,7.0,12.0,9.5,20.94947026,79.03004934
CLGE_FINAL-F7-721-4S,721,CLGE_FINAL,7,4S,20.4,23.3,23.8,6.0,5.0,63.0,69.0,0.0,5.0,2.5,20.94953314,79.03010705
CLGE_FINAL-F7-722-4S,722,CLGE_FINAL,7,4S,20.4,23.3,23.8,6.0,5.0,63.0,69.0,7.0,12.0,9.5,20.94947026,79.03010705
CLGE_FINAL-F7-WASH_N_23-WASH,WASH_N_23,CLGE_FINAL,7,WASH,20.4,23.3,23.8,3.0,3.0,69.0,72.0,0.0,3.0,1.5,20.94954213,79.03015034
CLGE_FINAL-F7-WASH_S_23-WASH,WASH_S_23,CLGE_FINAL,7,WASH,20.4,23.3,23.8,3.0,3.0,69.0,72.0,7.0,10.0,8.5,20.94947924,79.03015034
CLGE_FINAL-F7-723-4S,723,CLGE_FINAL,7,4S,20.4,23.3,23.8,6.0,5.0,72.0,78.0,0.0,5.0,2.5,20.94953314,79.03019362
CLGE_FINAL-F7-724-4S,724,CLGE_FINAL,7,4S,20.4,23.3,23.8,6.0,5.0,72.0,78.0,7.0,12.0,9.5,20.94947026,79.03019362
CLGE_FINAL-F7-725-4S,725,CLGE_FINAL,7,4S,20.4,23.3,23.8,6.0,5.0,78.0,84.0,0.0,5.0,2.5,20.94953314,79.03025134
CLGE_FINAL-F7-726-4S,726,CLGE_FINAL,7,4S,20.4,23.3,23.8,6.0,5.0,78.0,84.0,7.0,12.0,9.5,20.94947026,79.03025134
CLGE_FINAL-F7-727-4S,727,CLGE_FINAL,7,4S,20.4,23.3,23.8,6.0,5.0,84.0,90.0,0.0,5.0,2.5,20.94953314,79.03030905
CLGE_FINAL-F7-728-4S,728,CLGE_FINAL,7,4S,20.4,23.3,23.8,6.0,5.0,84.0,90.0,7.0,12.0,9.5,20.94947026,79.03030905
CLGE_FINAL-F7-729-4S,729,CLGE_FINAL,7,4S,20.4,23.3,23.8,6.0,5.0,90.0,96.0,0.0,5.0,2.5,20.94953314,79.03036676
CLGE_FINAL-F7-730-4S,730,CLGE_FINAL,7,4S,20.4,23.3,23.8,6.0,5.0,90.0,96.0,7.0,12.0,9.5,20.94947026,79.03036676
CLGE_FINAL-F7-731-4S,731,CLGE_FINAL,7,4S,20.4,23.3,23.8,6.0,5.0,96.0,102.0,0.0,5.0,2.5,20.94953314,79.03042448
CLGE_FINAL-F7-732-4S,732,CLGE_FINAL,7,4S,20.4,23.3,23.8,6.0,5.0,96.0,102.0,7.0,12.0,9.5,20.94947026,79.03042448
CLGE_FINAL-F7-733-4S,733,CLGE_FINAL,7,4S,20.4,23.3,23.8,6.0,5.0,102.0,108.0,0.0,5.0,2.5,20.94953314,79.03048219
CLGE_FINAL-F7-734-4S,734,CLGE_FINAL,7,4S,20.4,23.3,23.8,6.0,5.0,102.0,108.0,7.0,12.0,9.5,20.94947026,79.03048219
CLGE_FINAL-F7-735-4S,735,CLGE_FINAL,7,4S,20.4,23.3,23.8,6.0,5.0,108.0,114.0,0.0,5.0,2.5,20.94953314,79.03053991
CLGE_FINAL-F7-736-4S,736,CLGE_FINAL,7,4S,20.4,23.3,23.8,6.0,5.0,108.0,114.0,7.0,12.0,9.5,20.94947026,79.03053991
CLGE_FINAL-F7-737-4S,737,CLGE_FINAL,7,4S,20.4,23.3,23.8,6.0,5.0,114.0,120.0,0.0,5.0,2.5,20.94953314,79.03059762
CLGE_FINAL-F7-738-4S,738,CLGE_FINAL,7,4S,20.4,23.3,23.8,6.0,5.0,114.0,120.0,7.0,12.0,9.5,20.94947026,79.03059762
CLGE_FINAL-F7-739-4S,739,CLGE_FINAL,7,4S,20.4,23.3,23.8,6.0,5.0,120.0,126.0,0.0,5.0,2.5,20.94953314,79.03065533
CLGE_FINAL-F7-740-4S,740,CLGE_FINAL,7,4S,20.4,23.3,23.8,6.0,5.0,120.0,126.0,7.0,12.0,9.5,20.94947026,79.03065533
CLGE_FINAL-F7-741-4S,741,CLGE_FINAL,7,4S,20.4,23.3,23.8,6.0,5.0,126.0,132.0,0.0,5.0,2.5,20.94953314,79.03071305
CLGE_FINAL-F7-742-4S,742,CLGE_FINAL,7,4S,20.4,23.3,23.8,6.0,5.0,126.0,132.0,7.0,12.0,9.5,20.94947026,79.03071305
CLGE_FINAL-F7-743-4S,743,CLGE_FINAL,7,4S,20.4,23.3,23.8,6.0,5.0,132.0,138.0,0.0,5.0,2.5,20.94953314,79.03077076
CLGE_FINAL-F7-744-4S,744,CLGE_FINAL,7,4S,20.4,23.3,23.8,6.0,5.0,132.0,138.0,7.0,12.0,9.5,20.94947026,79.03077076
CLGE_FINAL-F7-WASH_N_45-WASH,WASH_N_45,CLGE_FINAL,7,WASH,20.4,23.3,23.8,3.0,3.0,138.0,141.0,0.0,3.0,1.5,20.94954213,79.03081405
CLGE_FINAL-F7-WASH_S_45-WASH,WASH_S_45,CLGE_FINAL,7,WASH,20.4,23.3,23.8,3.0,3.0,138.0,141.0,7.0,10.0,8.5,20.94947924,79.03081405
CLGE_FINAL-F7-STR_NE-STR,STR_NE,CLGE_FINAL,7,STR,20.4,23.3,23.8,3.0,5.0,141.0,144.0,0.0,5.0,2.5,20.94953314,79.0308429
CLGE_FINAL-F7-STR_SE-STR,STR_SE,CLGE_FINAL,7,STR,20.4,23.3,23.8,3.0,5.0,141.0,144.0,7.0,12.0,9.5,20.94947026,79.0308429
CLGE_FINAL-F7-LIFT_C-LIFT,LIFT_C,CLGE_FINAL,7,LIFT,20.4,23.3,23.8,2.5,2.5,141.0,143.5,5.0,7.5,6.25,20.94949946,79.0308405
CLGE_FINAL-F7-CORR_01-CORR,CORR_01,CLGE_FINAL,7,CORR,20.4,23.3,23.8,144.0,2.0,0.0,144.0,5.0,7.0,6.0,20.9495017,79.03016477
CLGE_FINAL-F8-STR_NW-STR,STR_NW,CLGE_FINAL,8,STR,23.8,26.7,27.2,3.0,5.0,0.0,3.0,0.0,5.0,2.5,20.94953314,79.02948663
CLGE_FINAL-F8-STR_SW-STR,STR_SW,CLGE_FINAL,8,STR,23.8,26.7,27.2,3.0,5.0,0.0,3.0,7.0,12.0,9.5,20.94947026,79.02948663
CLGE_FINAL-F8-801-4S,801,CLGE_FINAL,8,4S,23.8,26.7,27.2,6.0,5.0,3.0,9.0,0.0,5.0,2.5,20.94953314,79.02952991
CLGE_FINAL-F8-802-4S,802,CLGE_FINAL,8,4S,23.8,26.7,27.2,6.0,5.0,3.0,9.0,7.0,12.0,9.5,20.94947026,79.02952991
CLGE_FINAL-F8-803-4S,803,CLGE_FINAL,8,4S,23.8,26.7,27.2,6.0,5.0,9.0,15.0,0.0,5.0,2.5,20.94953314,79.02958763
CLGE_FINAL-F8-804-4S,804,CLGE_FINAL,8,4S,23.8,26.7,27.2,6.0,5.0,9.0,15.0,7.0,12.0,9.5,20.94947026,79.02958763
CLGE_FINAL-F8-805-4S,805,CLGE_FINAL,8,4S,23.8,26.7,27.2,6.0,5.0,15.0,21.0,0.0,5.0,2.5,20.94953314,79.02964534
CLGE_FINAL-F8-806-4S,806,CLGE_FINAL,8,4S,23.8,26.7,27.2,6.0,5.0,15.0,21.0,7.0,12.0,9.5,20.94947026,79.02964534
CLGE_FINAL-F8-807-4S,807,CLGE_FINAL,8,4S,23.8,26.7,27.2,6.0,5.0,21.0,27.0,0.0,5.0,2.5,20.94953314,79.02970306
CLGE_FINAL-F8-808-4S,808,CLGE_FINAL,8,4S,23.8,26.7,27.2,6.0,5.0,21.0,27.0,7.0,12.0,9.5,20.94947026,79.02970306
CLGE_FINAL-F8-809-4S,809,CLGE_FINAL,8,4S,23.8,26.7,27.2,6.0,5.0,27.0,33.0,0.0,5.0,2.5,20.94953314,79.02976077
CLGE_FINAL-F8-810-4S,810,CLGE_FINAL,8,4S,23.8,26.7,27.2,6.0,5.0,27.0,33.0,7.0,12.0,9.5,20.94947026,79.02976077
CLGE_FINAL-F8-811-4S,811,CLGE_FINAL,8,4S,23.8,26.7,27.2,6.0,5.0,33.0,39.0,0.0,5.0,2.5,20.94953314,79.02981848
CLGE_FINAL-F8-812-4S,812,CLGE_FINAL,8,4S,23.8,26.7,27.2,6.0,5.0,33.0,39.0,7.0,12.0,9.5,20.94947026,79.02981848
CLGE_FINAL-F8-813-4S,813,CLGE_FINAL,8,4S,23.8,26.7,27.2,6.0,5.0,39.0,45.0,0.0,5.0,2.5,20.94953314,79.0298762
CLGE_FINAL-F8-814-4S,814,CLGE_FINAL,8,4S,23.8,26.7,27.2,6.0,5.0,39.0,45.0,7.0,12.0,9.5,20.94947026,79.0298762
CLGE_FINAL-F8-815-4S,815,CLGE_FINAL,8,4S,23.8,26.7,27.2,6.0,5.0,45.0,51.0,0.0,5.0,2.5,20.94953314,79.02993391
CLGE_FINAL-F8-816-4S,816,CLGE_FINAL,8,4S,23.8,26.7,27.2,6.0,5.0,45.0,51.0,7.0,12.0,9.5,20.94947026,79.02993391
CLGE_FINAL-F8-817-4S,817,CLGE_FINAL,8,4S,23.8,26.7,27.2,6.0,5.0,51.0,57.0,0.0,5.0,2.5,20.94953314,79.02999162
CLGE_FINAL-F8-818-4S,818,CLGE_FINAL,8,4S,23.8,26.7,27.2,6.0,5.0,51.0,57.0,7.0,12.0,9.5,20.94947026,79.02999162
CLGE_FINAL-F8-819-4S,819,CLGE_FINAL,8,4S,23.8,26.7,27.2,6.0,5.0,57.0,63.0,0.0,5.0,2.5,20.94953314,79.03004934
CLGE_FINAL-F8-820-4S,820,CLGE_FINAL,8,4S,23.8,26.7,27.2,6.0,5.0,57.0,63.0,7.0,12.0,9.5,20.94947026,79.03004934
CLGE_FINAL-F8-821-4S,821,CLGE_FINAL,8,4S,23.8,26.7,27.2,6.0,5.0,63.0,69.0,0.0,5.0,2.5,20.94953314,79.03010705
CLGE_FINAL-F8-822-4S,822,CLGE_FINAL,8,4S,23.8,26.7,27.2,6.0,5.0,63.0,69.0,7.0,12.0,9.5,20.94947026,79.03010705
CLGE_FINAL-F8-WASH_N_23-WASH,WASH_N_23,CLGE_FINAL,8,WASH,23.8,26.7,27.2,3.0,3.0,69.0,72.0,0.0,3.0,1.5,20.94954213,79.03015034
CLGE_FINAL-F8-WASH_S_23-WASH,WASH_S_23,CLGE_FINAL,8,WASH,23.8,26.7,27.2,3.0,3.0,69.0,72.0,7.0,10.0,8.5,20.94947924,79.03015034
CLGE_FINAL-F8-823-4S,823,CLGE_FINAL,8,4S,23.8,26.7,27.2,6.0,5.0,72.0,78.0,0.0,5.0,2.5,20.94953314,79.03019362
CLGE_FINAL-F8-824-4S,824,CLGE_FINAL,8,4S,23.8,26.7,27.2,6.0,5.0,72.0,78.0,7.0,12.0,9.5,20.94947026,79.03019362
CLGE_FINAL-F8-825-4S,825,CLGE_FINAL,8,4S,23.8,26.7,27.2,6.0,5.0,78.0,84.0,0.0,5.0,2.5,20.94953314,79.03025134
CLGE_FINAL-F8-826-4S,826,CLGE_FINAL,8,4S,23.8,26.7,27.2,6.0,5.0,78.0,84.0,7.0,12.0,9.5,20.94947026,79.03025134
CLGE_FINAL-F8-827-4S,827,CLGE_FINAL,8,4S,23.8,26.7,27.2,6.0,5.0,84.0,90.0,0.0,5.0,2.5,20.94953314,79.03030905
CLGE_FINAL-F8-828-4S,828,CLGE_FINAL,8,4S,23.8,26.7,27.2,6.0,5.0,84.0,90.0,7.0,12.0,9.5,20.94947026,79.03030905
CLGE_FINAL-F8-829-4S,829,CLGE_FINAL,8,4S,23.8,26.7,27.2,6.0,5.0,90.0,96.0,0.0,5.0,2.5,20.94953314,79.03036676
CLGE_FINAL-F8-830-4S,830,CLGE_FINAL,8,4S,23.8,26.7,27.2,6.0,5.0,90.0,96.0,7.0,12.0,9.5,20.94947026,79.03036676
CLGE_FINAL-F8-831-4S,831,CLGE_FINAL,8,4S,23.8,26.7,27.2,6.0,5.0,96.0,102.0,0.0,5.0,2.5,20.94953314,79.03042448
CLGE_FINAL-F8-832-4S,832,CLGE_FINAL,8,4S,23.8,26.7,27.2,6.0,5.0,96.0,102.0,7.0,12.0,9.5,20.94947026,79.03042448
CLGE_FINAL-F8-833-4S,833,CLGE_FINAL,8,4S,23.8,26.7,27.2,6.0,5.0,102.0,108.0,0.0,5.0,2.5,20.94953314,79.03048219
CLGE_FINAL-F8-834-4S,834,CLGE_FINAL,8,4S,23.8,26.7,27.2,6.0,5.0,102.0,108.0,7.0,12.0,9.5,20.94947026,79.03048219
CLGE_FINAL-F8-835-4S,835,CLGE_FINAL,8,4S,23.8,26.7,27.2,6.0,5.0,108.0,114.0,0.0,5.0,2.5,20.94953314,79.03053991
CLGE_FINAL-F8-836-4S,836,CLGE_FINAL,8,4S,23.8,26.7,27.2,6.0,5.0,108.0,114.0,7.0,12.0,9.5,20.94947026,79.03053991
CLGE_FINAL-F8-837-4S,837,CLGE_FINAL,8,4S,23.8,26.7,27.2,6.0,5.0,114.0,120.0,0.0,5.0,2.5,20.94953314,79.03059762
CLGE_FINAL-F8-838-4S,838,CLGE_FINAL,8,4S,23.8,26.7,27.2,6.0,5.0,114.0,120.0,7.0,12.0,9.5,20.94947026,79.03059762
CLGE_FINAL-F8-839-4S,839,CLGE_FINAL,8,4S,23.8,26.7,27.2,6.0,5.0,120.0,126.0,0.0,5.0,2.5,20.94953314,79.03065533
CLGE_FINAL-F8-840-4S,840,CLGE_FINAL,8,4S,23.8,26.7,27.2,6.0,5.0,120.0,126.0,7.0,12.0,9.5,20.94947026,79.03065533
CLGE_FINAL-F8-841-4S,841,CLGE_FINAL,8,4S,23.8,26.7,27.2,6.0,5.0,126.0,132.0,0.0,5.0,2.5,20.94953314,79.03071305
CLGE_FINAL-F8-842-4S,842,CLGE_FINAL,8,4S,23.8,26.7,27.2,6.0,5.0,126.0,132.0,7.0,12.0,9.5,20.94947026,79.03071305
CLGE_FINAL-F8-843-4S,843,CLGE_FINAL,8,4S,23.8,26.7,27.2,6.0,5.0,132.0,138.0,0.0,5.0,2.5,20.94953314,79.03077076
CLGE_FINAL-F8-844-4S,844,CLGE_FINAL,8,4S,23.8,26.7,27.2,6.0,5.0,132.0,138.0,7.0,12.0,9.5,20.94947026,79.03077076
CLGE_FINAL-F8-WASH_N_45-WASH,WASH_N_45,CLGE_FINAL,8,WASH,23.8,26.7,27.2,3.0,3.0,138.0,141.0,0.0,3.0,1.5,20.94954213,79.03081405
CLGE_FINAL-F8-WASH_S_45-WASH,WASH_S_45,CLGE_FINAL,8,WASH,23.8,26.7,27.2,3.0,3.0,138.0,141.0,7.0,10.0,8.5,20.94947924,79.03081405
CLGE_FINAL-F8-STR_NE-STR,STR_NE,CLGE_FINAL,8,STR,23.8,26.7,27.2,3.0,5.0,141.0,144.0,0.0,5.0,2.5,20.94953314,79.0308429
CLGE_FINAL-F8-STR_SE-STR,STR_SE,CLGE_FINAL,8,STR,23.8,26.7,27.2,3.0,5.0,141.0,144.0,7.0,12.0,9.5,20.94947026,79.0308429
CLGE_FINAL-F8-LIFT_C-LIFT,LIFT_C,CLGE_FINAL,8,LIFT,23.8,26.7,27.2,2.5,2.5,141.0,143.5,5.0,7.5,6.25,20.94949946,79.0308405
CLGE_FINAL-F8-CORR_01-CORR,CORR_01,CLGE_FINAL,8,CORR,23.8,26.7,27.2,144.0,2.0,0.0,144.0,5.0,7.0,6.0,20.9495017,79.03016477
CLGE_FINAL-F9-STR_NW-STR,STR_NW,CLGE_FINAL,9,STR,27.2,30.1,30.6,3.0,5.0,0.0,3.0,0.0,5.0,2.5,20.94953314,79.02948663
CLGE_FINAL-F9-STR_SW-STR,STR_SW,CLGE_FINAL,9,STR,27.2,30.1,30.6,3.0,5.0,0.0,3.0,7.0,12.0,9.5,20.94947026,79.02948663
CLGE_FINAL-F9-901-4S,901,CLGE_FINAL,9,4S,27.2,30.1,30.6,6.0,5.0,3.0,9.0,0.0,5.0,2.5,20.94953314,79.02952991
CLGE_FINAL-F9-902-4S,902,CLGE_FINAL,9,4S,27.2,30.1,30.6,6.0,5.0,3.0,9.0,7.0,12.0,9.5,20.94947026,79.02952991
CLGE_FINAL-F9-903-4S,903,CLGE_FINAL,9,4S,27.2,30.1,30.6,6.0,5.0,9.0,15.0,0.0,5.0,2.5,20.94953314,79.02958763
CLGE_FINAL-F9-904-4S,904,CLGE_FINAL,9,4S,27.2,30.1,30.6,6.0,5.0,9.0,15.0,7.0,12.0,9.5,20.94947026,79.02958763
CLGE_FINAL-F9-905-4S,905,CLGE_FINAL,9,4S,27.2,30.1,30.6,6.0,5.0,15.0,21.0,0.0,5.0,2.5,20.94953314,79.02964534
CLGE_FINAL-F9-906-4S,906,CLGE_FINAL,9,4S,27.2,30.1,30.6,6.0,5.0,15.0,21.0,7.0,12.0,9.5,20.94947026,79.02964534
CLGE_FINAL-F9-907-4S,907,CLGE_FINAL,9,4S,27.2,30.1,30.6,6.0,5.0,21.0,27.0,0.0,5.0,2.5,20.94953314,79.02970306
CLGE_FINAL-F9-908-4S,908,CLGE_FINAL,9,4S,27.2,30.1,30.6,6.0,5.0,21.0,27.0,7.0,12.0,9.5,20.94947026,79.02970306
CLGE_FINAL-F9-909-4S,909,CLGE_FINAL,9,4S,27.2,30.1,30.6,6.0,5.0,27.0,33.0,0.0,5.0,2.5,20.94953314,79.02976077
CLGE_FINAL-F9-910-4S,910,CLGE_FINAL,9,4S,27.2,30.1,30.6,6.0,5.0,27.0,33.0,7.0,12.0,9.5,20.94947026,79.02976077
CLGE_FINAL-F9-911-4S,911,CLGE_FINAL,9,4S,27.2,30.1,30.6,6.0,5.0,33.0,39.0,0.0,5.0,2.5,20.94953314,79.02981848
CLGE_FINAL-F9-912-4S,912,CLGE_FINAL,9,4S,27.2,30.1,30.6,6.0,5.0,33.0,39.0,7.0,12.0,9.5,20.94947026,79.02981848
CLGE_FINAL-F9-913-4S,913,CLGE_FINAL,9,4S,27.2,30.1,30.6,6.0,5.0,39.0,45.0,0.0,5.0,2.5,20.94953314,79.0298762
CLGE_FINAL-F9-914-4S,914,CLGE_FINAL,9,4S,27.2,30.1,30.6,6.0,5.0,39.0,45.0,7.0,12.0,9.5,20.94947026,79.0298762
CLGE_FINAL-F9-915-4S,915,CLGE_FINAL,9,4S,27.2,30.1,30.6,6.0,5.0,45.0,51.0,0.0,5.0,2.5,20.94953314,79.02993391
CLGE_FINAL-F9-916-4S,916,CLGE_FINAL,9,4S,27.2,30.1,30.6,6.0,5.0,45.0,51.0,7.0,12.0,9.5,20.94947026,79.02993391
CLGE_FINAL-F9-917-4S,917,CLGE_FINAL,9,4S,27.2,30.1,30.6,6.0,5.0,51.0,57.0,0.0,5.0,2.5,20.94953314,79.02999162
CLGE_FINAL-F9-918-4S,918,CLGE_FINAL,9,4S,27.2,30.1,30.6,6.0,5.0,51.0,57.0,7.0,12.0,9.5,20.94947026,79.02999162
CLGE_FINAL-F9-919-4S,919,CLGE_FINAL,9,4S,27.2,30.1,30.6,6.0,5.0,57.0,63.0,0.0,5.0,2.5,20.94953314,79.03004934
CLGE_FINAL-F9-920-4S,920,CLGE_FINAL,9,4S,27.2,30.1,30.6,6.0,5.0,57.0,63.0,7.0,12.0,9.5,20.94947026,79.03004934
CLGE_FINAL-F9-921-4S,921,CLGE_FINAL,9,4S,27.2,30.1,30.6,6.0,5.0,63.0,69.0,0.0,5.0,2.5,20.94953314,79.03010705
CLGE_FINAL-F9-922-4S,922,CLGE_FINAL,9,4S,27.2,30.1,30.6,6.0,5.0,63.0,69.0,7.0,12.0,9.5,20.94947026,79.03010705
CLGE_FINAL-F9-WASH_N_23-WASH,WASH_N_23,CLGE_FINAL,9,WASH,27.2,30.1,30.6,3.0,3.0,69.0,72.0,0.0,3.0,1.5,20.94954213,79.03015034
CLGE_FINAL-F9-WASH_S_23-WASH,WASH_S_23,CLGE_FINAL,9,WASH,27.2,30.1,30.6,3.0,3.0,69.0,72.0,7.0,10.0,8.5,20.94947924,79.03015034
CLGE_FINAL-F9-923-4S,923,CLGE_FINAL,9,4S,27.2,30.1,30.6,6.0,5.0,72.0,78.0,0.0,5.0,2.5,20.94953314,79.03019362
CLGE_FINAL-F9-924-4S,924,CLGE_FINAL,9,4S,27.2,30.1,30.6,6.0,5.0,72.0,78.0,7.0,12.0,9.5,20.94947026,79.03019362
CLGE_FINAL-F9-925-4S,925,CLGE_FINAL,9,4S,27.2,30.1,30.6,6.0,5.0,78.0,84.0,0.0,5.0,2.5,20.94953314,79.03025134
CLGE_FINAL-F9-926-4S,926,CLGE_FINAL,9,4S,27.2,30.1,30.6,6.0,5.0,78.0,84.0,7.0,12.0,9.5,20.94947026,79.03025134
CLGE_FINAL-F9-927-4S,927,CLGE_FINAL,9,4S,27.2,30.1,30.6,6.0,5.0,84.0,90.0,0.0,5.0,2.5,20.94953314,79.03030905
CLGE_FINAL-F9-928-4S,928,CLGE_FINAL,9,4S,27.2,30.1,30.6,6.0,5.0,84.0,90.0,7.0,12.0,9.5,20.94947026,79.03030905
CLGE_FINAL-F9-929-4S,929,CLGE_FINAL,9,4S,27.2,30.1,30.6,6.0,5.0,90.0,96.0,0.0,5.0,2.5,20.94953314,79.03036676
CLGE_FINAL-F9-930-4S,930,CLGE_FINAL,9,4S,27.2,30.1,30.6,6.0,5.0,90.0,96.0,7.0,12.0,9.5,20.94947026,79.03036676
CLGE_FINAL-F9-931-4S,931,CLGE_FINAL,9,4S,27.2,30.1,30.6,6.0,5.0,96.0,102.0,0.0,5.0,2.5,20.94953314,79.03042448
CLGE_FINAL-F9-932-4S,932,CLGE_FINAL,9,4S,27.2,30.1,30.6,6.0,5.0,96.0,102.0,7.0,12.0,9.5,20.94947026,79.03042448
CLGE_FINAL-F9-933-4S,933,CLGE_FINAL,9,4S,27.2,30.1,30.6,6.0,5.0,102.0,108.0,0.0,5.0,2.5,20.94953314,79.03048219
CLGE_FINAL-F9-934-4S,934,CLGE_FINAL,9,4S,27.2,30.1,30.6,6.0,5.0,102.0,108.0,7.0,12.0,9.5,20.94947026,79.03048219
CLGE_FINAL-F9-935-4S,935,CLGE_FINAL,9,4S,27.2,30.1,30.6,6.0,5.0,108.0,114.0,0.0,5.0,2.5,20.94953314,79.03053991
CLGE_FINAL-F9-936-4S,936,CLGE_FINAL,9,4S,27.2,30.1,30.6,6.0,5.0,108.0,114.0,7.0,12.0,9.5,20.94947026,79.03053991
CLGE_FINAL-F9-937-4S,937,CLGE_FINAL,9,4S,27.2,30.1,30.6,6.0,5.0,114.0,120.0,0.0,5.0,2.5,20.94953314,79.03059762
CLGE_FINAL-F9-938-4S,938,CLGE_FINAL,9,4S,27.2,30.1,30.6,6.0,5.0,114.0,120.0,7.0,12.0,9.5,20.94947026,79.03059762
CLGE_FINAL-F9-939-4S,939,CLGE_FINAL,9,4S,27.2,30.1,30.6,6.0,5.0,120.0,126.0,0.0,5.0,2.5,20.94953314,79.03065533
CLGE_FINAL-F9-940-4S,940,CLGE_FINAL,9,4S,27.2,30.1,30.6,6.0,5.0,120.0,126.0,7.0,12.0,9.5,20.94947026,79.03065533
CLGE_FINAL-F9-941-4S,941,CLGE_FINAL,9,4S,27.2,30.1,30.6,6.0,5.0,126.0,132.0,0.0,5.0,2.5,20.94953314,79.03071305
CLGE_FINAL-F9-942-4S,942,CLGE_FINAL,9,4S,27.2,30.1,30.6,6.0,5.0,126.0,132.0,7.0,12.0,9.5,20.94947026,79.03071305
CLGE_FINAL-F9-943-4S,943,CLGE_FINAL,9,4S,27.2,30.1,30.6,6.0,5.0,132.0,138.0,0.0,5.0,2.5,20.94953314,79.03077076
CLGE_FINAL-F9-944-4S,944,CLGE_FINAL,9,4S,27.2,30.1,30.6,6.0,5.0,132.0,138.0,7.0,12.0,9.5,20.94947026,79.03077076
CLGE_FINAL-F9-WASH_N_45-WASH,WASH_N_45,CLGE_FINAL,9,WASH,27.2,30.1,30.6,3.0,3.0,138.0,141.0,0.0,3.0,1.5,20.94954213,79.03081405
CLGE_FINAL-F9-WASH_S_45-WASH,WASH_S_45,CLGE_FINAL,9,WASH,27.2,30.1,30.6,3.0,3.0,138.0,141.0,7.0,10.0,8.5,20.94947924,79.03081405
CLGE_FINAL-F9-STR_NE-STR,STR_NE,CLGE_FINAL,9,STR,27.2,30.1,30.6,3.0,5.0,141.0,144.0,0.0,5.0,2.5,20.94953314,79.0308429
CLGE_FINAL-F9-STR_SE-STR,STR_SE,CLGE_FINAL,9,STR,27.2,30.1,30.6,3.0,5.0,141.0,144.0,7.0,12.0,9.5,20.94947026,79.0308429
CLGE_FINAL-F9-LIFT_C-LIFT,LIFT_C,CLGE_FINAL,9,LIFT,27.2,30.1,30.6,2.5,2.5,141.0,143.5,5.0,7.5,6.25,20.94949946,79.0308405
CLGE_FINAL-F9-CORR_01-CORR,CORR_01,CLGE_FINAL,9,CORR,27.2,30.1,30.6,144.0,2.0,0.0,144.0,5.0,7.0,6.0,20.9495017,79.03016477
CLGE_FINAL-F10-STR_NW-STR,STR_NW,CLGE_FINAL,10,STR,30.6,33.5,34.0,3.0,5.0,0.0,3.0,0.0,5.0,2.5,20.94953314,79.02948663
CLGE_FINAL-F10-STR_SW-STR,STR_SW,CLGE_FINAL,10,STR,30.6,33.5,34.0,3.0,5.0,0.0,3.0,7.0,12.0,9.5,20.94947026,79.02948663
CLGE_FINAL-F10-1001-4S,1001,CLGE_FINAL,10,4S,30.6,33.5,34.0,6.0,5.0,3.0,9.0,0.0,5.0,2.5,20.94953314,79.02952991
CLGE_FINAL-F10-1002-4S,1002,CLGE_FINAL,10,4S,30.6,33.5,34.0,6.0,5.0,3.0,9.0,7.0,12.0,9.5,20.94947026,79.02952991
CLGE_FINAL-F10-1003-4S,1003,CLGE_FINAL,10,4S,30.6,33.5,34.0,6.0,5.0,9.0,15.0,0.0,5.0,2.5,20.94953314,79.02958763
CLGE_FINAL-F10-1004-4S,1004,CLGE_FINAL,10,4S,30.6,33.5,34.0,6.0,5.0,9.0,15.0,7.0,12.0,9.5,20.94947026,79.02958763
CLGE_FINAL-F10-1005-4S,1005,CLGE_FINAL,10,4S,30.6,33.5,34.0,6.0,5.0,15.0,21.0,0.0,5.0,2.5,20.94953314,79.02964534
CLGE_FINAL-F10-1006-4S,1006,CLGE_FINAL,10,4S,30.6,33.5,34.0,6.0,5.0,15.0,21.0,7.0,12.0,9.5,20.94947026,79.02964534
CLGE_FINAL-F10-1007-4S,1007,CLGE_FINAL,10,4S,30.6,33.5,34.0,6.0,5.0,21.0,27.0,0.0,5.0,2.5,20.94953314,79.02970306
CLGE_FINAL-F10-1008-4S,1008,CLGE_FINAL,10,4S,30.6,33.5,34.0,6.0,5.0,21.0,27.0,7.0,12.0,9.5,20.94947026,79.02970306
CLGE_FINAL-F10-1009-4S,1009,CLGE_FINAL,10,4S,30.6,33.5,34.0,6.0,5.0,27.0,33.0,0.0,5.0,2.5,20.94953314,79.02976077
CLGE_FINAL-F10-1010-4S,1010,CLGE_FINAL,10,4S,30.6,33.5,34.0,6.0,5.0,27.0,33.0,7.0,12.0,9.5,20.94947026,79.02976077
CLGE_FINAL-F10-1011-4S,1011,CLGE_FINAL,10,4S,30.6,33.5,34.0,6.0,5.0,33.0,39.0,0.0,5.0,2.5,20.94953314,79.02981848
CLGE_FINAL-F10-1012-4S,1012,CLGE_FINAL,10,4S,30.6,33.5,34.0,6.0,5.0,33.0,39.0,7.0,12.0,9.5,20.94947026,79.02981848
CLGE_FINAL-F10-1013-4S,1013,CLGE_FINAL,10,4S,30.6,33.5,34.0,6.0,5.0,39.0,45.0,0.0,5.0,2.5,20.94953314,79.0298762
CLGE_FINAL-F10-1014-4S,1014,CLGE_FINAL,10,4S,30.6,33.5,34.0,6.0,5.0,39.0,45.0,7.0,12.0,9.5,20.94947026,79.0298762
CLGE_FINAL-F10-1015-4S,1015,CLGE_FINAL,10,4S,30.6,33.5,34.0,6.0,5.0,45.0,51.0,0.0,5.0,2.5,20.94953314,79.02993391
CLGE_FINAL-F10-1016-4S,1016,CLGE_FINAL,10,4S,30.6,33.5,34.0,6.0,5.0,45.0,51.0,7.0,12.0,9.5,20.94947026,79.02993391
CLGE_FINAL-F10-1017-4S,1017,CLGE_FINAL,10,4S,30.6,33.5,34.0,6.0,5.0,51.0,57.0,0.0,5.0,2.5,20.94953314,79.02999162
CLGE_FINAL-F10-1018-4S,1018,CLGE_FINAL,10,4S,30.6,33.5,34.0,6.0,5.0,51.0,57.0,7.0,12.0,9.5,20.94947026,79.02999162
CLGE_FINAL-F10-1019-4S,1019,CLGE_FINAL,10,4S,30.6,33.5,34.0,6.0,5.0,57.0,63.0,0.0,5.0,2.5,20.94953314,79.03004934
CLGE_FINAL-F10-1020-4S,1020,CLGE_FINAL,10,4S,30.6,33.5,34.0,6.0,5.0,57.0,63.0,7.0,12.0,9.5,20.94947026,79.03004934
CLGE_FINAL-F10-1021-4S,1021,CLGE_FINAL,10,4S,30.6,33.5,34.0,6.0,5.0,63.0,69.0,0.0,5.0,2.5,20.94953314,79.03010705
CLGE_FINAL-F10-1022-4S,1022,CLGE_FINAL,10,4S,30.6,33.5,34.0,6.0,5.0,63.0,69.0,7.0,12.0,9.5,20.94947026,79.03010705
CLGE_FINAL-F10-WASH_N_23-WASH,WASH_N_23,CLGE_FINAL,10,WASH,30.6,33.5,34.0,3.0,3.0,69.0,72.0,0.0,3.0,1.5,20.94954213,79.03015034
CLGE_FINAL-F10-WASH_S_23-WASH,WASH_S_23,CLGE_FINAL,10,WASH,30.6,33.5,34.0,3.0,3.0,69.0,72.0,7.0,10.0,8.5,20.94947924,79.03015034
CLGE_FINAL-F10-1023-4S,1023,CLGE_FINAL,10,4S,30.6,33.5,34.0,6.0,5.0,72.0,78.0,0.0,5.0,2.5,20.94953314,79.03019362
CLGE_FINAL-F10-1024-4S,1024,CLGE_FINAL,10,4S,30.6,33.5,34.0,6.0,5.0,72.0,78.0,7.0,12.0,9.5,20.94947026,79.03019362
CLGE_FINAL-F10-1025-4S,1025,CLGE_FINAL,10,4S,30.6,33.5,34.0,6.0,5.0,78.0,84.0,0.0,5.0,2.5,20.94953314,79.03025134
CLGE_FINAL-F10-1026-4S,1026,CLGE_FINAL,10,4S,30.6,33.5,34.0,6.0,5.0,78.0,84.0,7.0,12.0,9.5,20.94947026,79.03025134
CLGE_FINAL-F10-1027-4S,1027,CLGE_FINAL,10,4S,30.6,33.5,34.0,6.0,5.0,84.0,90.0,0.0,5.0,2.5,20.94953314,79.03030905
CLGE_FINAL-F10-1028-4S,1028,CLGE_FINAL,10,4S,30.6,33.5,34.0,6.0,5.0,84.0,90.0,7.0,12.0,9.5,20.94947026,79.03030905
CLGE_FINAL-F10-1029-4S,1029,CLGE_FINAL,10,4S,30.6,33.5,34.0,6.0,5.0,90.0,96.0,0.0,5.0,2.5,20.94953314,79.03036676
CLGE_FINAL-F10-1030-4S,1030,CLGE_FINAL,10,4S,30.6,33.5,34.0,6.0,5.0,90.0,96.0,7.0,12.0,9.5,20.94947026,79.03036676
CLGE_FINAL-F10-1031-4S,1031,CLGE_FINAL,10,4S,30.6,33.5,34.0,6.0,5.0,96.0,102.0,0.0,5.0,2.5,20.94953314,79.03042448
CLGE_FINAL-F10-1032-4S,1032,CLGE_FINAL,10,4S,30.6,33.5,34.0,6.0,5.0,96.0,102.0,7.0,12.0,9.5,20.94947026,79.03042448
CLGE_FINAL-F10-1033-4S,1033,CLGE_FINAL,10,4S,30.6,33.5,34.0,6.0,5.0,102.0,108.0,0.0,5.0,2.5,20.94953314,79.03048219
CLGE_FINAL-F10-1034-4S,1034,CLGE_FINAL,10,4S,30.6,33.5,34.0,6.0,5.0,102.0,108.0,7.0,12.0,9.5,20.94947026,79.03048219
CLGE_FINAL-F10-1035-4S,1035,CLGE_FINAL,10,4S,30.6,33.5,34.0,6.0,5.0,108.0,114.0,0.0,5.0,2.5,20.94953314,79.03053991
CLGE_FINAL-F10-1036-4S,1036,CLGE_FINAL,10,4S,30.6,33.5,34.0,6.0,5.0,108.0,114.0,7.0,12.0,9.5,20.94947026,79.03053991
CLGE_FINAL-F10-1037-4S,1037,CLGE_FINAL,10,4S,30.6,33.5,34.0,6.0,5.0,114.0,120.0,0.0,5.0,2.5,20.94953314,79.03059762
CLGE_FINAL-F10-1038-4S,1038,CLGE_FINAL,10,4S,30.6,33.5,34.0,6.0,5.0,114.0,120.0,7.0,12.0,9.5,20.94947026,79.03059762
CLGE_FINAL-F10-1039-4S,1039,CLGE_FINAL,10,4S,30.6,33.5,34.0,6.0,5.0,120.0,126.0,0.0,5.0,2.5,20.94953314,79.03065533
CLGE_FINAL-F10-1040-4S,1040,CLGE_FINAL,10,4S,30.6,33.5,34.0,6.0,5.0,120.0,126.0,7.0,12.0,9.5,20.94947026,79.03065533
CLGE_FINAL-F10-1041-4S,1041,CLGE_FINAL,10,4S,30.6,33.5,34.0,6.0,5.0,126.0,132.0,0.0,5.0,2.5,20.94953314,79.03071305
CLGE_FINAL-F10-1042-4S,1042,CLGE_FINAL,10,4S,30.6,33.5,34.0,6.0,5.0,126.0,132.0,7.0,12.0,9.5,20.94947026,79.03071305
CLGE_FINAL-F10-1043-4S,1043,CLGE_FINAL,10,4S,30.6,33.5,34.0,6.0,5.0,132.0,138.0,0.0,5.0,2.5,20.94953314,79.03077076
CLGE_FINAL-F10-1044-4S,1044,CLGE_FINAL,10,4S,30.6,33.5,34.0,6.0,5.0,132.0,138.0,7.0,12.0,9.5,20.94947026,79.03077076
CLGE_FINAL-F10-WASH_N_45-WASH,WASH_N_45,CLGE_FINAL,10,WASH,30.6,33.5,34.0,3.0,3.0,138.0,141.0,0.0,3.0,1.5,20.94954213,79.03081405
CLGE_FINAL-F10-WASH_S_45-WASH,WASH_S_45,CLGE_FINAL,10,WASH,30.6,33.5,34.0,3.0,3.0,138.0,141.0,7.0,10.0,8.5,20.94947924,79.03081405
CLGE_FINAL-F10-STR_NE-STR,STR_NE,CLGE_FINAL,10,STR,30.6,33.5,34.0,3.0,5.0,141.0,144.0,0.0,5.0,2.5,20.94953314,79.0308429
CLGE_FINAL-F10-STR_SE-STR,STR_SE,CLGE_FINAL,10,STR,30.6,33.5,34.0,3.0,5.0,141.0,144.0,7.0,12.0,9.5,20.94947026,79.0308429
CLGE_FINAL-F10-LIFT_C-LIFT,LIFT_C,CLGE_FINAL,10,LIFT,30.6,33.5,34.0,2.5,2.5,141.0,143.5,5.0,7.5,6.25,20.94949946,79.0308405
CLGE_FINAL-F10-CORR_01-CORR,CORR_01,CLGE_FINAL,10,CORR,30.6,33.5,34.0,144.0,2.0,0.0,144.0,5.0,7.0,6.0,20.9495017,79.03016477
