ulpin_3d,room_id,building_id,floor,type,z_min,z_max,z_slab_top,real_width_m,real_depth_m,real_x_start_m,real_x_end_m,real_y_start_m,real_y_end_m,latitude,longitude,carpet_area_sqm,gross_volume_cbm,undivided_share_land,is_common_property
RES01-F1-101-3BHK,101,RES01,1,3BHK,0.0,2.9,5.0,16.5,8.73,0.0,16.5,15.27,24.0,20.9490236,79.0288794,144.05,417.75,0.0125043,0
RES01-F1-1_01_BALC-BALC,1_01_BALC,RES01,1,BALC,0.0,2.9,5.0,2.5,5.45,16.5,19.0,18.55,24.0,20.9490089,79.0289707,13.62,39.5,0.0011823,0
RES01-F1-1_01_UTIL-UTIL,1_01_UTIL,RES01,1,UTIL,0.0,2.9,5.0,2.5,3.28,16.5,19.0,15.27,18.55,20.9490481,79.0289707,8.2,23.78,0.0007118,1
RES01-F1-102-2BHK,102,RES01,1,2BHK,0.0,2.9,5.0,16.5,8.73,0.0,16.5,0.0,8.73,20.9491608,79.0288794,144.05,417.75,0.0125043,0
RES01-F1-1_02_BALC-BALC,1_02_BALC,RES01,1,BALC,0.0,2.9,5.0,2.5,5.45,16.5,19.0,0.0,5.45,20.9491755,79.0289707,13.62,39.5,0.0011823,0
RES01-F1-1_02_UTIL-UTIL,1_02_UTIL,RES01,1,UTIL,0.0,2.9,5.0,2.5,3.28,16.5,19.0,5.45,8.73,20.9491363,79.0289707,8.2,23.78,0.0007118,1
RES01-F1-1_STR1-STR,1_STR1,RES01,1,STR,0.0,2.9,5.0,5.0,8.73,19.0,24.0,15.27,24.0,20.9490236,79.0290068,43.65,126.58,0.0037891,1
RES01-F1-1_LIFT1-LIFT,1_LIFT1,RES01,1,LIFT,0.0,2.9,5.0,5.0,6.55,24.0,29.0,17.45,24.0,20.9490138,79.0290549,32.75,94.97,0.0028429,1
RES01-F1-1_SERV_DUCT-UTIL,1_SERV_DUCT,RES01,1,UTIL,0.0,2.9,5.0,5.0,2.18,24.0,29.0,15.27,17.45,20.949053,79.0290549,10.9,31.61,0.0009462,1
RES01-F1-1_STR2-STR,1_STR2,RES01,1,STR,0.0,2.9,5.0,5.0,8.73,19.0,24.0,0.0,8.73,20.9491608,79.0290068,43.65,126.58,0.0037891,1
RES01-F1-1_COMMON_WASH-WASH,1_COMMON_WASH,RES01,1,WASH,0.0,2.9,5.0,5.0,8.73,24.0,29.0,0.0,8.73,20.9491608,79.0290549,43.65,126.58,0.0037891,1
RES01-F1-1_CORR_WEST-CORR,1_CORR_WEST,RES01,1,CORR,0.0,2.9,5.0,19.0,6.54,0.0,19.0,8.73,15.27,20.9490922,79.0288914,124.26,360.35,0.0107865,1
RES01-F1-1_CORR_CENTRAL-CORR,1_CORR_CENTRAL,RES01,1,CORR,0.0,2.9,5.0,10.0,6.54,19.0,29.0,8.73,15.27,20.9490922,79.0290309,65.4,189.66,0.0056771,1
RES01-F1-1_CORR_EAST-CORR,1_CORR_EAST,RES01,1,CORR,0.0,2.9,5.0,19.0,6.54,29.0,48.0,8.73,15.27,20.9490922,79.0291703,124.26,360.35,0.0107865,1
RES01-F1-1_03_UTIL-UTIL,1_03_UTIL,RES01,1,UTIL,0.0,2.9,5.0,2.5,3.28,29.0,31.5,15.27,18.55,20.9490481,79.029091,8.2,23.78,0.0007118,1
RES01-F1-1_03_BALC-BALC,1_03_BALC,RES01,1,BALC,0.0,2.9,5.0,2.5,5.45,29.0,31.5,18.55,24.0,20.9490089,79.029091,13.62,39.5,0.0011823,0
RES01-F1-103-3BHK,103,RES01,1,3BHK,0.0,2.9,5.0,16.5,8.73,31.5,48.0,15.27,24.0,20.9490236,79.0291824,144.05,417.75,0.0125043,0
RES01-F1-1_04_UTIL-UTIL,1_04_UTIL,RES01,1,UTIL,0.0,2.9,5.0,2.5,3.28,29.0,31.5,5.45,8.73,20.9491363,79.029091,8.2,23.78,0.0007118,1
RES01-F1-1_04_BALC-BALC,1_04_BALC,RES01,1,BALC,0.0,2.9,5.0,2.5,5.45,29.0,31.5,0.0,5.45,20.9491755,79.029091,13.62,39.5,0.0011823,0
RES01-F1-104-2BHK,104,RES01,1,2BHK,0.0,2.9,5.0,16.5,8.73,31.5,48.0,0.0,8.73,20.9491608,79.0291824,144.05,417.75,0.0125043,0
RES01-F2-201-3BHK,201,RES01,2,3BHK,5.0,7.9,10.0,16.5,8.73,0.0,16.5,15.27,24.0,20.9490236,79.0288794,144.05,417.75,0.0125043,0
RES01-F2-2_01_BALC-BALC,2_01_BALC,RES01,2,BALC,5.0,7.9,10.0,2.5,5.45,16.5,19.0,18.55,24.0,20.9490089,79.0289707,13.62,39.5,0.0011823,0
RES01-F2-2_01_UTIL-UTIL,2_01_UTIL,RES01,2,UTIL,5.0,7.9,10.0,2.5,3.28,16.5,19.0,15.27,18.55,20.9490481,79.0289707,8.2,23.78,0.0007118,1
RES01-F2-202-2BHK,202,RES01,2,2BHK,5.0,7.9,10.0,16.5,8.73,0.0,16.5,0.0,8.73,20.9491608,79.0288794,144.05,417.75,0.0125043,0
RES01-F2-2_02_BALC-BALC,2_02_BALC,RES01,2,BALC,5.0,7.9,10.0,2.5,5.45,16.5,19.0,0.0,5.45,20.9491755,79.0289707,13.62,39.5,0.0011823,0
RES01-F2-2_02_UTIL-UTIL,2_02_UTIL,RES01,2,UTIL,5.0,7.9,10.0,2.5,3.28,16.5,19.0,5.45,8.73,20.9491363,79.0289707,8.2,23.78,0.0007118,1
RES01-F2-2_STR1-STR,2_STR1,RES01,2,STR,5.0,7.9,10.0,5.0,8.73,19.0,24.0,15.27,24.0,20.9490236,79.0290068,43.65,126.58,0.0037891,1
RES01-F2-2_LIFT1-LIFT,2_LIFT1,RES01,2,LIFT,5.0,7.9,10.0,5.0,6.55,24.0,29.0,17.45,24.0,20.9490138,79.0290549,32.75,94.97,0.0028429,1
RES01-F2-2_SERV_DUCT-UTIL,2_SERV_DUCT,RES01,2,UTIL,5.0,7.9,10.0,5.0,2.18,24.0,29.0,15.27,17.45,20.949053,79.0290549,10.9,31.61,0.0009462,1
RES01-F2-2_STR2-STR,2_STR2,RES01,2,STR,5.0,7.9,10.0,5.0,8.73,19.0,24.0,0.0,8.73,20.9491608,79.0290068,43.65,126.58,0.0037891,1
RES01-F2-2_COMMON_WASH-WASH,2_COMMON_WASH,RES01,2,WASH,5.0,7.9,10.0,5.0,8.73,24.0,29.0,0.0,8.73,20.9491608,79.0290549,43.65,126.58,0.0037891,1
RES01-F2-2_CORR_WEST-CORR,2_CORR_WEST,RES01,2,CORR,5.0,7.9,10.0,19.0,6.54,0.0,19.0,8.73,15.27,20.9490922,79.0288914,124.26,360.35,0.0107865,1
RES01-F2-2_CORR_CENTRAL-CORR,2_CORR_CENTRAL,RES01,2,CORR,5.0,7.9,10.0,10.0,6.54,19.0,29.0,8.73,15.27,20.9490922,79.0290309,65.4,189.66,0.0056771,1
RES01-F2-2_CORR_EAST-CORR,2_CORR_EAST,RES01,2,CORR,5.0,7.9,10.0,19.0,6.54,29.0,48.0,8.73,15.27,20.9490922,79.0291703,124.26,360.35,0.0107865,1
RES01-F2-2_03_UTIL-UTIL,2_03_UTIL,RES01,2,UTIL,5.0,7.9,10.0,2.5,3.28,29.0,31.5,15.27,18.55,20.9490481,79.029091,8.2,23.78,0.0007118,1
RES01-F2-2_03_BALC-BALC,2_03_BALC,RES01,2,BALC,5.0,7.9,10.0,2.5,5.45,29.0,31.5,18.55,24.0,20.9490089,79.029091,13.62,39.5,0.0011823,0
RES01-F2-203-3BHK,203,RES01,2,3BHK,5.0,7.9,10.0,16.5,8.73,31.5,48.0,15.27,24.0,20.9490236,79.0291824,144.05,417.75,0.0125043,0
RES01-F2-2_04_UTIL-UTIL,2_04_UTIL,RES01,2,UTIL,5.0,7.9,10.0,2.5,3.28,29.0,31.5,5.45,8.73,20.9491363,79.029091,8.2,23.78,0.0007118,1
RES01-F2-2_04_BALC-BALC,2_04_BALC,RES01,2,BALC,5.0,7.9,10.0,2.5,5.45,29.0,31.5,0.0,5.45,20.9491755,79.029091,13.62,39.5,0.0011823,0
RES01-F2-204-2BHK,204,RES01,2,2BHK,5.0,7.9,10.0,16.5,8.73,31.5,48.0,0.0,8.73,20.9491608,79.0291824,144.05,417.75,0.0125043,0
RES01-F3-301-3BHK,301,RES01,3,3BHK,10.0,12.9,15.0,16.5,8.73,0.0,16.5,15.27,24.0,20.9490236,79.0288794,144.05,417.75,0.0125043,0
RES01-F3-3_01_BALC-BALC,3_01_BALC,RES01,3,BALC,10.0,12.9,15.0,2.5,5.45,16.5,19.0,18.55,24.0,20.9490089,79.0289707,13.62,39.5,0.0011823,0
RES01-F3-3_01_UTIL-UTIL,3_01_UTIL,RES01,3,UTIL,10.0,12.9,15.0,2.5,3.28,16.5,19.0,15.27,18.55,20.9490481,79.0289707,8.2,23.78,0.0007118,1
RES01-F3-302-2BHK,302,RES01,3,2BHK,10.0,12.9,15.0,16.5,8.73,0.0,16.5,0.0,8.73,20.9491608,79.0288794,144.05,417.75,0.0125043,0
RES01-F3-3_02_BALC-BALC,3_02_BALC,RES01,3,BALC,10.0,12.9,15.0,2.5,5.45,16.5,19.0,0.0,5.45,20.9491755,79.0289707,13.62,39.5,0.0011823,0
RES01-F3-3_02_UTIL-UTIL,3_02_UTIL,RES01,3,UTIL,10.0,12.9,15.0,2.5,3.28,16.5,19.0,5.45,8.73,20.9491363,79.0289707,8.2,23.78,0.0007118,1
RES01-F3-3_STR1-STR,3_STR1,RES01,3,STR,10.0,12.9,15.0,5.0,8.73,19.0,24.0,15.27,24.0,20.9490236,79.0290068,43.65,126.58,0.0037891,1
RES01-F3-3_LIFT1-LIFT,3_LIFT1,RES01,3,LIFT,10.0,12.9,15.0,5.0,6.55,24.0,29.0,17.45,24.0,20.9490138,79.0290549,32.75,94.97,0.0028429,1
RES01-F3-3_SERV_DUCT-UTIL,3_SERV_DUCT,RES01,3,UTIL,10.0,12.9,15.0,5.0,2.18,24.0,29.0,15.27,17.45,20.949053,79.0290549,10.9,31.61,0.0009462,1
RES01-F3-3_STR2-STR,3_STR2,RES01,3,STR,10.0,12.9,15.0,5.0,8.73,19.0,24.0,0.0,8.73,20.9491608,79.0290068,43.65,126.58,0.0037891,1
RES01-F3-3_COMMON_WASH-WASH,3_COMMON_WASH,RES01,3,WASH,10.0,12.9,15.0,5.0,8.73,24.0,29.0,0.0,8.73,20.9491608,79.0290549,43.65,126.58,0.0037891,1
RES01-F3-3_CORR_WEST-CORR,3_CORR_WEST,RES01,3,CORR,10.0,12.9,15.0,19.0,6.54,0.0,19.0,8.73,15.27,20.9490922,79.0288914,124.26,360.35,0.0107865,1
RES01-F3-3_CORR_CENTRAL-CORR,3_CORR_CENTRAL,RES01,3,CORR,10.0,12.9,15.0,10.0,6.54,19.0,29.0,8.73,15.27,20.9490922,79.0290309,65.4,189.66,0.0056771,1
RES01-F3-3_CORR_EAST-CORR,3_CORR_EAST,RES01,3,CORR,10.0,12.9,15.0,19.0,6.54,29.0,48.0,8.73,15.27,20.9490922,79.0291703,124.26,360.35,0.0107865,1
RES01-F3-3_03_UTIL-UTIL,3_03_UTIL,RES01,3,UTIL,10.0,12.9,15.0,2.5,3.28,29.0,31.5,15.27,18.55,20.9490481,79.029091,8.2,23.78,0.0007118,1
RES01-F3-3_03_BALC-BALC,3_03_BALC,RES01,3,BALC,10.0,12.9,15.0,2.5,5.45,29.0,31.5,18.55,24.0,20.9490089,79.029091,13.62,39.5,0.0011823,0
RES01-F3-303-3BHK,303,RES01,3,3BHK,10.0,12.9,15.0,16.5,8.73,31.5,48.0,15.27,24.0,20.9490236,79.0291824,144.05,417.75,0.0125043,0
RES01-F3-3_04_UTIL-UTIL,3_04_UTIL,RES01,3,UTIL,10.0,12.9,15.0,2.5,3.28,29.0,31.5,5.45,8.73,20.9491363,79.029091,8.2,23.78,0.0007118,1
RES01-F3-3_04_BALC-BALC,3_04_BALC,RES01,3,BALC,10.0,12.9,15.0,2.5,5.45,29.0,31.5,0.0,5.45,20.9491755,79.029091,13.62,39.5,0.0011823,0
RES01-F3-304-2BHK,304,RES01,3,2BHK,10.0,12.9,15.0,16.5,8.73,31.5,48.0,0.0,8.73,20.9491608,79.0291824,144.05,417.75,0.0125043,0
RES01-F4-401-3BHK,401,RES01,4,3BHK,15.0,17.9,20.0,16.5,8.73,0.0,16.5,15.27,24.0,20.9490236,79.0288794,144.05,417.75,0.0125043,0
RES01-F4-4_01_BALC-BALC,4_01_BALC,RES01,4,BALC,15.0,17.9,20.0,2.5,5.45,16.5,19.0,18.55,24.0,20.9490089,79.0289707,13.62,39.5,0.0011823,0
RES01-F4-4_01_UTIL-UTIL,4_01_UTIL,RES01,4,UTIL,15.0,17.9,20.0,2.5,3.28,16.5,19.0,15.27,18.55,20.9490481,79.0289707,8.2,23.78,0.0007118,1
RES01-F4-402-2BHK,402,RES01,4,2BHK,15.0,17.9,20.0,16.5,8.73,0.0,16.5,0.0,8.73,20.9491608,79.0288794,144.05,417.75,0.0125043,0
RES01-F4-4_02_BALC-BALC,4_02_BALC,RES01,4,BALC,15.0,17.9,20.0,2.5,5.45,16.5,19.0,0.0,5.45,20.9491755,79.0289707,13.62,39.5,0.0011823,0
RES01-F4-4_02_UTIL-UTIL,4_02_UTIL,RES01,4,UTIL,15.0,17.9,20.0,2.5,3.28,16.5,19.0,5.45,8.73,20.9491363,79.0289707,8.2,23.78,0.0007118,1
RES01-F4-4_STR1-STR,4_STR1,RES01,4,STR,15.0,17.9,20.0,5.0,8.73,19.0,24.0,15.27,24.0,20.9490236,79.0290068,43.65,126.58,0.0037891,1
RES01-F4-4_LIFT1-LIFT,4_LIFT1,RES01,4,LIFT,15.0,17.9,20.0,5.0,6.55,24.0,29.0,17.45,24.0,20.9490138,79.0290549,32.75,94.97,0.0028429,1
RES01-F4-4_SERV_DUCT-UTIL,4_SERV_DUCT,RES01,4,UTIL,15.0,17.9,20.0,5.0,2.18,24.0,29.0,15.27,17.45,20.949053,79.0290549,10.9,31.61,0.0009462,1
RES01-F4-4_STR2-STR,4_STR2,RES01,4,STR,15.0,17.9,20.0,5.0,8.73,19.0,24.0,0.0,8.73,20.9491608,79.0290068,43.65,126.58,0.0037891,1
RES01-F4-4_COMMON_WASH-WASH,4_COMMON_WASH,RES01,4,WASH,15.0,17.9,20.0,5.0,8.73,24.0,29.0,0.0,8.73,20.9491608,79.0290549,43.65,126.58,0.0037891,1
RES01-F4-4_CORR_WEST-CORR,4_CORR_WEST,RES01,4,CORR,15.0,17.9,20.0,19.0,6.54,0.0,19.0,8.73,15.27,20.9490922,79.0288914,124.26,360.35,0.0107865,1
RES01-F4-4_CORR_CENTRAL-CORR,4_CORR_CENTRAL,RES01,4,CORR,15.0,17.9,20.0,10.0,6.54,19.0,29.0,8.73,15.27,20.9490922,79.0290309,65.4,189.66,0.0056771,1
RES01-F4-4_CORR_EAST-CORR,4_CORR_EAST,RES01,4,CORR,15.0,17.9,20.0,19.0,6.54,29.0,48.0,8.73,15.27,20.9490922,79.0291703,124.26,360.35,0.0107865,1
RES01-F4-4_03_UTIL-UTIL,4_03_UTIL,RES01,4,UTIL,15.0,17.9,20.0,2.5,3.28,29.0,31.5,15.27,18.55,20.9490481,79.029091,8.2,23.78,0.0007118,1
RES01-F4-4_03_BALC-BALC,4_03_BALC,RES01,4,BALC,15.0,17.9,20.0,2.5,5.45,29.0,31.5,18.55,24.0,20.9490089,79.029091,13.62,39.5,0.0011823,0
RES01-F4-403-3BHK,403,RES01,4,3BHK,15.0,17.9,20.0,16.5,8.73,31.5,48.0,15.27,24.0,20.9490236,79.0291824,144.05,417.75,0.0125043,0
RES01-F4-4_04_UTIL-UTIL,4_04_UTIL,RES01,4,UTIL,15.0,17.9,20.0,2.5,3.28,29.0,31.5,5.45,8.73,20.9491363,79.029091,8.2,23.78,0.0007118,1
RES01-F4-4_04_BALC-BALC,4_04_BALC,RES01,4,BALC,15.0,17.9,20.0,2.5,5.45,29.0,31.5,0.0,5.45,20.9491755,79.029091,13.62,39.5,0.0011823,0
RES01-F4-404-2BHK,404,RES01,4,2BHK,15.0,17.9,20.0,16.5,8.73,31.5,48.0,0.0,8.73,20.9491608,79.0291824,144.05,417.75,0.0125043,0
RES01-F5-501-3BHK,501,RES01,5,3BHK,20.0,22.9,25.0,16.5,8.73,0.0,16.5,15.27,24.0,20.9490236,79.0288794,144.05,417.75,0.0125043,0
RES01-F5-5_01_BALC-BALC,5_01_BALC,RES01,5,BALC,20.0,22.9,25.0,2.5,5.45,16.5,19.0,18.55,24.0,20.9490089,79.0289707,13.62,39.5,0.0011823,0
RES01-F5-5_01_UTIL-UTIL,5_01_UTIL,RES01,5,UTIL,20.0,22.9,25.0,2.5,3.28,16.5,19.0,15.27,18.55,20.9490481,79.0289707,8.2,23.78,0.0007118,1
RES01-F5-502-2BHK,502,RES01,5,2BHK,20.0,22.9,25.0,16.5,8.73,0.0,16.5,0.0,8.73,20.9491608,79.0288794,144.05,417.75,0.0125043,0
RES01-F5-5_02_BALC-BALC,5_02_BALC,RES01,5,BALC,20.0,22.9,25.0,2.5,5.45,16.5,19.0,0.0,5.45,20.9491755,79.0289707,13.62,39.5,0.0011823,0
RES01-F5-5_02_UTIL-UTIL,5_02_UTIL,RES01,5,UTIL,20.0,22.9,25.0,2.5,3.28,16.5,19.0,5.45,8.73,20.9491363,79.0289707,8.2,23.78,0.0007118,1
RES01-F5-5_STR1-STR,5_STR1,RES01,5,STR,20.0,22.9,25.0,5.0,8.73,19.0,24.0,15.27,24.0,20.9490236,79.0290068,43.65,126.58,0.0037891,1
RES01-F5-5_LIFT1-LIFT,5_LIFT1,RES01,5,LIFT,20.0,22.9,25.0,5.0,6.55,24.0,29.0,17.45,24.0,20.9490138,79.0290549,32.75,94.97,0.0028429,1
RES01-F5-5_SERV_DUCT-UTIL,5_SERV_DUCT,RES01,5,UTIL,20.0,22.9,25.0,5.0,2.18,24.0,29.0,15.27,17.45,20.949053,79.0290549,10.9,31.61,0.0009462,1
RES01-F5-5_STR2-STR,5_STR2,RES01,5,STR,20.0,22.9,25.0,5.0,8.73,19.0,24.0,0.0,8.73,20.9491608,79.0290068,43.65,126.58,0.0037891,1
RES01-F5-5_COMMON_WASH-WASH,5_COMMON_WASH,RES01,5,WASH,20.0,22.9,25.0,5.0,8.73,24.0,29.0,0.0,8.73,20.9491608,79.0290549,43.65,126.58,0.0037891,1
RES01-F5-5_CORR_WEST-CORR,5_CORR_WEST,RES01,5,CORR,20.0,22.9,25.0,19.0,6.54,0.0,19.0,8.73,15.27,20.9490922,79.0288914,124.26,360.35,0.0107865,1
RES01-F5-5_CORR_CENTRAL-CORR,5_CORR_CENTRAL,RES01,5,CORR,20.0,22.9,25.0,10.0,6.54,19.0,29.0,8.73,15.27,20.9490922,79.0290309,65.4,189.66,0.0056771,1
RES01-F5-5_CORR_EAST-CORR,5_CORR_EAST,RES01,5,CORR,20.0,22.9,25.0,19.0,6.54,29.0,48.0,8.73,15.27,20.9490922,79.0291703,124.26,360.35,0.0107865,1
RES01-F5-5_03_UTIL-UTIL,5_03_UTIL,RES01,5,UTIL,20.0,22.9,25.0,2.5,3.28,29.0,31.5,15.27,18.55,20.9490481,79.029091,8.2,23.78,0.0007118,1
RES01-F5-5_03_BALC-BALC,5_03_BALC,RES01,5,BALC,20.0,22.9,25.0,2.5,5.45,29.0,31.5,18.55,24.0,20.9490089,79.029091,13.62,39.5,0.0011823,0
RES01-F5-503-3BHK,503,RES01,5,3BHK,20.0,22.9,25.0,16.5,8.73,31.5,48.0,15.27,24.0,20.9490236,79.0291824,144.05,417.75,0.0125043,0
RES01-F5-5_04_UTIL-UTIL,5_04_UTIL,RES01,5,UTIL,20.0,22.9,25.0,2.5,3.28,29.0,31.5,5.45,8.73,20.9491363,79.029091,8.2,23.78,0.0007118,1
RES01-F5-5_04_BALC-BALC,5_04_BALC,RES01,5,BALC,20.0,22.9,25.0,2.5,5.45,29.0,31.5,0.0,5.45,20.9491755,79.029091,13.62,39.5,0.0011823,0
RES01-F5-504-2BHK,504,RES01,5,2BHK,20.0,22.9,25.0,16.5,8.73,31.5,48.0,0.0,8.73,20.9491608,79.0291824,144.05,417.75,0.0125043,0
RES01-F6-601-3BHK,601,RES01,6,3BHK,25.0,27.9,30.0,16.5,8.73,0.0,16.5,15.27,24.0,20.9490236,79.0288794,144.05,417.75,0.0125043,0
RES01-F6-6_01_BALC-BALC,6_01_BALC,RES01,6,BALC,25.0,27.9,30.0,2.5,5.45,16.5,19.0,18.55,24.0,20.9490089,79.0289707,13.62,39.5,0.0011823,0
RES01-F6-6_01_UTIL-UTIL,6_01_UTIL,RES01,6,UTIL,25.0,27.9,30.0,2.5,3.28,16.5,19.0,15.27,18.55,20.9490481,79.0289707,8.2,23.78,0.0007118,1
RES01-F6-602-2BHK,602,RES01,6,2BHK,25.0,27.9,30.0,16.5,8.73,0.0,16.5,0.0,8.73,20.9491608,79.0288794,144.05,417.75,0.0125043,0
RES01-F6-6_02_BALC-BALC,6_02_BALC,RES01,6,BALC,25.0,27.9,30.0,2.5,5.45,16.5,19.0,0.0,5.45,20.9491755,79.0289707,13.62,39.5,0.0011823,0
RES01-F6-6_02_UTIL-UTIL,6_02_UTIL,RES01,6,UTIL,25.0,27.9,30.0,2.5,3.28,16.5,19.0,5.45,8.73,20.9491363,79.0289707,8.2,23.78,0.0007118,1
RES01-F6-6_STR1-STR,6_STR1,RES01,6,STR,25.0,27.9,30.0,5.0,8.73,19.0,24.0,15.27,24.0,20.9490236,79.0290068,43.65,126.58,0.0037891,1
RES01-F6-6_LIFT1-LIFT,6_LIFT1,RES01,6,LIFT,25.0,27.9,30.0,5.0,6.55,24.0,29.0,17.45,24.0,20.9490138,79.0290549,32.75,94.97,0.0028429,1
RES01-F6-6_SERV_DUCT-UTIL,6_SERV_DUCT,RES01,6,UTIL,25.0,27.9,30.0,5.0,2.18,24.0,29.0,15.27,17.45,20.949053,79.0290549,10.9,31.61,0.0009462,1
RES01-F6-6_STR2-STR,6_STR2,RES01,6,STR,25.0,27.9,30.0,5.0,8.73,19.0,24.0,0.0,8.73,20.9491608,79.0290068,43.65,126.58,0.0037891,1
RES01-F6-6_COMMON_WASH-WASH,6_COMMON_WASH,RES01,6,WASH,25.0,27.9,30.0,5.0,8.73,24.0,29.0,0.0,8.73,20.9491608,79.0290549,43.65,126.58,0.0037891,1
RES01-F6-6_CORR_WEST-CORR,6_CORR_WEST,RES01,6,CORR,25.0,27.9,30.0,19.0,6.54,0.0,19.0,8.73,15.27,20.9490922,79.0288914,124.26,360.35,0.0107865,1
RES01-F6-6_CORR_CENTRAL-CORR,6_CORR_CENTRAL,RES01,6,CORR,25.0,27.9,30.0,10.0,6.54,19.0,29.0,8.73,15.27,20.9490922,79.0290309,65.4,189.66,0.0056771,1
RES01-F6-6_CORR_EAST-CORR,6_CORR_EAST,RES01,6,CORR,25.0,27.9,30.0,19.0,6.54,29.0,48.0,8.73,15.27,20.9490922,79.0291703,124.26,360.35,0.0107865,1
RES01-F6-6_03_UTIL-UTIL,6_03_UTIL,RES01,6,UTIL,25.0,27.9,30.0,2.5,3.28,29.0,31.5,15.27,18.55,20.9490481,79.029091,8.2,23.78,0.0007118,1
RES01-F6-6_03_BALC-BALC,6_03_BALC,RES01,6,BALC,25.0,27.9,30.0,2.5,5.45,29.0,31.5,18.55,24.0,20.9490089,79.029091,13.62,39.5,0.0011823,0
RES01-F6-603-3BHK,603,RES01,6,3BHK,25.0,27.9,30.0,16.5,8.73,31.5,48.0,15.27,24.0,20.9490236,79.0291824,144.05,417.75,0.0125043,0
RES01-F6-6_04_UTIL-UTIL,6_04_UTIL,RES01,6,UTIL,25.0,27.9,30.0,2.5,3.28,29.0,31.5,5.45,8.73,20.9491363,79.029091,8.2,23.78,0.0007118,1
RES01-F6-6_04_BALC-BALC,6_04_BALC,RES01,6,BALC,25.0,27.9,30.0,2.5,5.45,29.0,31.5,0.0,5.45,20.9491755,79.029091,13.62,39.5,0.0011823,0
RES01-F6-604-2BHK,604,RES01,6,2BHK,25.0,27.9,30.0,16.5,8.73,31.5,48.0,0.0,8.73,20.9491608,79.0291824,144.05,417.75,0.0125043,0
RES01-F7-701-3BHK,701,RES01,7,3BHK,30.0,32.9,35.0,16.5,8.73,0.0,16.5,15.27,24.0,20.9490236,79.0288794,144.05,417.75,0.0125043,0
RES01-F7-7_01_BALC-BALC,7_01_BALC,RES01,7,BALC,30.0,32.9,35.0,2.5,5.45,16.5,19.0,18.55,24.0,20.9490089,79.0289707,13.62,39.5,0.0011823,0
RES01-F7-7_01_UTIL-UTIL,7_01_UTIL,RES01,7,UTIL,30.0,32.9,35.0,2.5,3.28,16.5,19.0,15.27,18.55,20.9490481,79.0289707,8.2,23.78,0.0007118,1
RES01-F7-702-2BHK,702,RES01,7,2BHK,30.0,32.9,35.0,16.5,8.73,0.0,16.5,0.0,8.73,20.9491608,79.0288794,144.05,417.75,0.0125043,0
RES01-F7-7_02_BALC-BALC,7_02_BALC,RES01,7,BALC,30.0,32.9,35.0,2.5,5.45,16.5,19.0,0.0,5.45,20.9491755,79.0289707,13.62,39.5,0.0011823,0
RES01-F7-7_02_UTIL-UTIL,7_02_UTIL,RES01,7,UTIL,30.0,32.9,35.0,2.5,3.28,16.5,19.0,5.45,8.73,20.9491363,79.0289707,8.2,23.78,0.0007118,1
RES01-F7-7_STR1-STR,7_STR1,RES01,7,STR,30.0,32.9,35.0,5.0,8.73,19.0,24.0,15.27,24.0,20.9490236,79.0290068,43.65,126.58,0.0037891,1
RES01-F7-7_LIFT1-LIFT,7_LIFT1,RES01,7,LIFT,30.0,32.9,35.0,5.0,6.55,24.0,29.0,17.45,24.0,20.9490138,79.0290549,32.75,94.97,0.0028429,1
RES01-F7-7_SERV_DUCT-UTIL,7_SERV_DUCT,RES01,7,UTIL,30.0,32.9,35.0,5.0,2.18,24.0,29.0,15.27,17.45,20.949053,79.0290549,10.9,31.61,0.0009462,1
RES01-F7-7_STR2-STR,7_STR2,RES01,7,STR,30.0,32.9,35.0,5.0,8.73,19.0,24.0,0.0,8.73,20.9491608,79.0290068,43.65,126.58,0.0037891,1
RES01-F7-7_COMMON_WASH-WASH,7_COMMON_WASH,RES01,7,WASH,30.0,32.9,35.0,5.0,8.73,24.0,29.0,0.0,8.73,20.9491608,79.0290549,43.65,126.58,0.0037891,1
RES01-F7-7_CORR_WEST-CORR,7_CORR_WEST,RES01,7,CORR,30.0,32.9,35.0,19.0,6.54,0.0,19.0,8.73,15.27,20.9490922,79.0288914,124.26,360.35,0.0107865,1
RES01-F7-7_CORR_CENTRAL-CORR,7_CORR_CENTRAL,RES01,7,CORR,30.0,32.9,35.0,10.0,6.54,19.0,29.0,8.73,15.27,20.9490922,79.0290309,65.4,189.66,0.0056771,1
RES01-F7-7_CORR_EAST-CORR,7_CORR_EAST,RES01,7,CORR,30.0,32.9,35.0,19.0,6.54,29.0,48.0,8.73,15.27,20.9490922,79.0291703,124.26,360.35,0.0107865,1
RES01-F7-7_03_UTIL-UTIL,7_03_UTIL,RES01,7,UTIL,30.0,32.9,35.0,2.5,3.28,29.0,31.5,15.27,18.55,20.9490481,79.029091,8.2,23.78,0.0007118,1
RES01-F7-7_03_BALC-BALC,7_03_BALC,RES01,7,BALC,30.0,32.9,35.0,2.5,5.45,29.0,31.5,18.55,24.0,20.9490089,79.029091,13.62,39.5,0.0011823,0
RES01-F7-703-3BHK,703,RES01,7,3BHK,30.0,32.9,35.0,16.5,8.73,31.5,48.0,15.27,24.0,20.9490236,79.0291824,144.05,417.75,0.0125043,0
RES01-F7-7_04_UTIL-UTIL,7_04_UTIL,RES01,7,UTIL,30.0,32.9,35.0,2.5,3.28,29.0,31.5,5.45,8.73,20.9491363,79.029091,8.2,23.78,0.0007118,1
RES01-F7-7_04_BALC-BALC,7_04_BALC,RES01,7,BALC,30.0,32.9,35.0,2.5,5.45,29.0,31.5,0.0,5.45,20.9491755,79.029091,13.62,39.5,0.0011823,0
RES01-F7-704-2BHK,704,RES01,7,2BHK,30.0,32.9,35.0,16.5,8.73,31.5,48.0,0.0,8.73,20.9491608,79.0291824,144.05,417.75,0.0125043,0
RES01-F8-801-3BHK,801,RES01,8,3BHK,35.0,37.9,40.0,16.5,8.73,0.0,16.5,15.27,24.0,20.9490236,79.0288794,144.05,417.75,0.0125043,0
RES01-F8-8_01_BALC-BALC,8_01_BALC,RES01,8,BALC,35.0,37.9,40.0,2.5,5.45,16.5,19.0,18.55,24.0,20.9490089,79.0289707,13.62,39.5,0.0011823,0
RES01-F8-8_01_UTIL-UTIL,8_01_UTIL,RES01,8,UTIL,35.0,37.9,40.0,2.5,3.28,16.5,19.0,15.27,18.55,20.9490481,79.0289707,8.2,23.78,0.0007118,1
RES01-F8-802-2BHK,802,RES01,8,2BHK,35.0,37.9,40.0,16.5,8.73,0.0,16.5,0.0,8.73,20.9491608,79.0288794,144.05,417.75,0.0125043,0
RES01-F8-8_02_BALC-BALC,8_02_BALC,RES01,8,BALC,35.0,37.9,40.0,2.5,5.45,16.5,19.0,0.0,5.45,20.9491755,79.0289707,13.62,39.5,0.0011823,0
RES01-F8-8_02_UTIL-UTIL,8_02_UTIL,RES01,8,UTIL,35.0,37.9,40.0,2.5,3.28,16.5,19.0,5.45,8.73,20.9491363,79.0289707,8.2,23.78,0.0007118,1
RES01-F8-8_STR1-STR,8_STR1,RES01,8,STR,35.0,37.9,40.0,5.0,8.73,19.0,24.0,15.27,24.0,20.9490236,79.0290068,43.65,126.58,0.0037891,1
RES01-F8-8_LIFT1-LIFT,8_LIFT1,RES01,8,LIFT,35.0,37.9,40.0,5.0,6.55,24.0,29.0,17.45,24.0,20.9490138,79.0290549,32.75,94.97,0.0028429,1
RES01-F8-8_SERV_DUCT-UTIL,8_SERV_DUCT,RES01,8,UTIL,35.0,37.9,40.0,5.0,2.18,24.0,29.0,15.27,17.45,20.949053,79.0290549,10.9,31.61,0.0009462,1
RES01-F8-8_STR2-STR,8_STR2,RES01,8,STR,35.0,37.9,40.0,5.0,8.73,19.0,24.0,0.0,8.73,20.9491608,79.0290068,43.65,126.58,0.0037891,1
RES01-F8-8_COMMON_WASH-WASH,8_COMMON_WASH,RES01,8,WASH,35.0,37.9,40.0,5.0,8.73,24.0,29.0,0.0,8.73,20.9491608,79.0290549,43.65,126.58,0.0037891,1
RES01-F8-8_CORR_WEST-CORR,8_CORR_WEST,RES01,8,CORR,35.0,37.9,40.0,19.0,6.54,0.0,19.0,8.73,15.27,20.9490922,79.0288914,124.26,360.35,0.0107865,1
RES01-F8-8_CORR_CENTRAL-CORR,8_CORR_CENTRAL,RES01,8,CORR,35.0,37.9,40.0,10.0,6.54,19.0,29.0,8.73,15.27,20.9490922,79.0290309,65.4,189.66,0.0056771,1
RES01-F8-8_CORR_EAST-CORR,8_CORR_EAST,RES01,8,CORR,35.0,37.9,40.0,19.0,6.54,29.0,48.0,8.73,15.27,20.9490922,79.0291703,124.26,360.35,0.0107865,1
RES01-F8-8_03_UTIL-UTIL,8_03_UTIL,RES01,8,UTIL,35.0,37.9,40.0,2.5,3.28,29.0,31.5,15.27,18.55,20.9490481,79.029091,8.2,23.78,0.0007118,1
RES01-F8-8_03_BALC-BALC,8_03_BALC,RES01,8,BALC,35.0,37.9,40.0,2.5,5.45,29.0,31.5,18.55,24.0,20.9490089,79.029091,13.62,39.5,0.0011823,0
RES01-F8-803-3BHK,803,RES01,8,3BHK,35.0,37.9,40.0,16.5,8.73,31.5,48.0,15.27,24.0,20.9490236,79.0291824,144.05,417.75,0.0125043,0
RES01-F8-8_04_UTIL-UTIL,8_04_UTIL,RES01,8,UTIL,35.0,37.9,40.0,2.5,3.28,29.0,31.5,5.45,8.73,20.9491363,79.029091,8.2,23.78,0.0007118,1
RES01-F8-8_04_BALC-BALC,8_04_BALC,RES01,8,BALC,35.0,37.9,40.0,2.5,5.45,29.0,31.5,0.0,5.45,20.9491755,79.029091,13.62,39.5,0.0011823,0
RES01-F8-804-2BHK,804,RES01,8,2BHK,35.0,37.9,40.0,16.5,8.73,31.5,48.0,0.0,8.73,20.9491608,79.0291824,144.05,417.75,0.0125043,0
RES01-F9-901-3BHK,901,RES01,9,3BHK,40.0,42.9,45.0,16.5,8.73,0.0,16.5,15.27,24.0,20.9490236,79.0288794,144.05,417.75,0.0125043,0
RES01-F9-9_01_BALC-BALC,9_01_BALC,RES01,9,BALC,40.0,42.9,45.0,2.5,5.45,16.5,19.0,18.55,24.0,20.9490089,79.0289707,13.62,39.5,0.0011823,0
RES01-F9-9_01_UTIL-UTIL,9_01_UTIL,RES01,9,UTIL,40.0,42.9,45.0,2.5,3.28,16.5,19.0,15.27,18.55,20.9490481,79.0289707,8.2,23.78,0.0007118,1
RES01-F9-902-2BHK,902,RES01,9,2BHK,40.0,42.9,45.0,16.5,8.73,0.0,16.5,0.0,8.73,20.9491608,79.0288794,144.05,417.75,0.0125043,0
RES01-F9-9_02_BALC-BALC,9_02_BALC,RES01,9,BALC,40.0,42.9,45.0,2.5,5.45,16.5,19.0,0.0,5.45,20.9491755,79.0289707,13.62,39.5,0.0011823,0
RES01-F9-9_02_UTIL-UTIL,9_02_UTIL,RES01,9,UTIL,40.0,42.9,45.0,2.5,3.28,16.5,19.0,5.45,8.73,20.9491363,79.0289707,8.2,23.78,0.0007118,1
RES01-F9-9_STR1-STR,9_STR1,RES01,9,STR,40.0,42.9,45.0,5.0,8.73,19.0,24.0,15.27,24.0,20.9490236,79.0290068,43.65,126.58,0.0037891,1
RES01-F9-9_LIFT1-LIFT,9_LIFT1,RES01,9,LIFT,40.0,42.9,45.0,5.0,6.55,24.0,29.0,17.45,24.0,20.9490138,79.0290549,32.75,94.97,0.0028429,1
RES01-F9-9_SERV_DUCT-UTIL,9_SERV_DUCT,RES01,9,UTIL,40.0,42.9,45.0,5.0,2.18,24.0,29.0,15.27,17.45,20.949053,79.0290549,10.9,31.61,0.0009462,1
RES01-F9-9_STR2-STR,9_STR2,RES01,9,STR,40.0,42.9,45.0,5.0,8.73,19.0,24.0,0.0,8.73,20.9491608,79.0290068,43.65,126.58,0.0037891,1
RES01-F9-9_COMMON_WASH-WASH,9_COMMON_WASH,RES01,9,WASH,40.0,42.9,45.0,5.0,8.73,24.0,29.0,0.0,8.73,20.9491608,79.0290549,43.65,126.58,0.0037891,1
RES01-F9-9_CORR_WEST-CORR,9_CORR_WEST,RES01,9,CORR,40.0,42.9,45.0,19.0,6.54,0.0,19.0,8.73,15.27,20.9490922,79.0288914,124.26,360.35,0.0107865,1
RES01-F9-9_CORR_CENTRAL-CORR,9_CORR_CENTRAL,RES01,9,CORR,40.0,42.9,45.0,10.0,6.54,19.0,29.0,8.73,15.27,20.9490922,79.0290309,65.4,189.66,0.0056771,1
RES01-F9-9_CORR_EAST-CORR,9_CORR_EAST,RES01,9,CORR,40.0,42.9,45.0,19.0,6.54,29.0,48.0,8.73,15.27,20.9490922,79.0291703,124.26,360.35,0.0107865,1
RES01-F9-9_03_UTIL-UTIL,9_03_UTIL,RES01,9,UTIL,40.0,42.9,45.0,2.5,3.28,29.0,31.5,15.27,18.55,20.9490481,79.029091,8.2,23.78,0.0007118,1
RES01-F9-9_03_BALC-BALC,9_03_BALC,RES01,9,BALC,40.0,42.9,45.0,2.5,5.45,29.0,31.5,18.55,24.0,20.9490089,79.029091,13.62,39.5,0.0011823,0
RES01-F9-903-3BHK,903,RES01,9,3BHK,40.0,42.9,45.0,16.5,8.73,31.5,48.0,15.27,24.0,20.9490236,79.0291824,144.05,417.75,0.0125043,0
RES01-F9-9_04_UTIL-UTIL,9_04_UTIL,RES01,9,UTIL,40.0,42.9,45.0,2.5,3.28,29.0,31.5,5.45,8.73,20.9491363,79.029091,8.2,23.78,0.0007118,1
RES01-F9-9_04_BALC-BALC,9_04_BALC,RES01,9,BALC,40.0,42.9,45.0,2.5,5.45,29.0,31.5,0.0,5.45,20.9491755,79.029091,13.62,39.5,0.0011823,0
RES01-F9-904-2BHK,904,RES01,9,2BHK,40.0,42.9,45.0,16.5,8.73,31.5,48.0,0.0,8.73,20.9491608,79.0291824,144.05,417.75,0.0125043,0
RES01-F10-1001-3BHK,1001,RES01,10,3BHK,45.0,47.9,50.0,16.5,8.73,0.0,16.5,15.27,24.0,20.9490236,79.0288794,144.05,417.75,0.0125043,0
RES01-F10-10_01_BALC-BALC,10_01_BALC,RES01,10,BALC,45.0,47.9,50.0,2.5,5.45,16.5,19.0,18.55,24.0,20.9490089,79.0289707,13.62,39.5,0.0011823,0
RES01-F10-10_01_UTIL-UTIL,10_01_UTIL,RES01,10,UTIL,45.0,47.9,50.0,2.5,3.28,16.5,19.0,15.27,18.55,20.9490481,79.0289707,8.2,23.78,0.0007118,1
RES01-F10-1002-2BHK,1002,RES01,10,2BHK,45.0,47.9,50.0,16.5,8.73,0.0,16.5,0.0,8.73,20.9491608,79.0288794,144.05,417.75,0.0125043,0
RES01-F10-10_02_BALC-BALC,10_02_BALC,RES01,10,BALC,45.0,47.9,50.0,2.5,5.45,16.5,19.0,0.0,5.45,20.9491755,79.0289707,13.62,39.5,0.0011823,0
RES01-F10-10_02_UTIL-UTIL,10_02_UTIL,RES01,10,UTIL,45.0,47.9,50.0,2.5,3.28,16.5,19.0,5.45,8.73,20.9491363,79.0289707,8.2,23.78,0.0007118,1
RES01-F10-10_STR1-STR,10_STR1,RES01,10,STR,45.0,47.9,50.0,5.0,8.73,19.0,24.0,15.27,24.0,20.9490236,79.0290068,43.65,126.58,0.0037891,1
RES01-F10-10_LIFT1-LIFT,10_LIFT1,RES01,10,LIFT,45.0,47.9,50.0,5.0,6.55,24.0,29.0,17.45,24.0,20.9490138,79.0290549,32.75,94.97,0.0028429,1
RES01-F10-10_SERV_DUCT-UTIL,10_SERV_DUCT,RES01,10,UTIL,45.0,47.9,50.0,5.0,2.18,24.0,29.0,15.27,17.45,20.949053,79.0290549,10.9,31.61,0.0009462,1
RES01-F10-10_STR2-STR,10_STR2,RES01,10,STR,45.0,47.9,50.0,5.0,8.73,19.0,24.0,0.0,8.73,20.9491608,79.0290068,43.65,126.58,0.0037891,1
RES01-F10-10_COMMON_WASH-WASH,10_COMMON_WASH,RES01,10,WASH,45.0,47.9,50.0,5.0,8.73,24.0,29.0,0.0,8.73,20.9491608,79.0290549,43.65,126.58,0.0037891,1
RES01-F10-10_CORR_WEST-CORR,10_CORR_WEST,RES01,10,CORR,45.0,47.9,50.0,19.0,6.54,0.0,19.0,8.73,15.27,20.9490922,79.0288914,124.26,360.35,0.0107865,1
RES01-F10-10_CORR_CENTRAL-CORR,10_CORR_CENTRAL,RES01,10,CORR,45.0,47.9,50.0,10.0,6.54,19.0,29.0,8.73,15.27,20.9490922,79.0290309,65.4,189.66,0.0056771,1
RES01-F10-10_CORR_EAST-CORR,10_CORR_EAST,RES01,10,CORR,45.0,47.9,50.0,19.0,6.54,29.0,48.0,8.73,15.27,20.9490922,79.0291703,124.26,360.35,0.0107865,1
RES01-F10-10_03_UTIL-UTIL,10_03_UTIL,RES01,10,UTIL,45.0,47.9,50.0,2.5,3.28,29.0,31.5,15.27,18.55,20.9490481,79.029091,8.2,23.78,0.0007118,1
RES01-F10-10_03_BALC-BALC,10_03_BALC,RES01,10,BALC,45.0,47.9,50.0,2.5,5.45,29.0,31.5,18.55,24.0,20.9490089,79.029091,13.62,39.5,0.0011823,0
RES01-F10-1003-3BHK,1003,RES01,10,3BHK,45.0,47.9,50.0,16.5,8.73,31.5,48.0,15.27,24.0,20.9490236,79.0291824,144.05,417.75,0.0125043,0
RES01-F10-10_04_UTIL-UTIL,10_04_UTIL,RES01,10,UTIL,45.0,47.9,50.0,2.5,3.28,29.0,31.5,5.45,8.73,20.9491363,79.029091,8.2,23.78,0.0007118,1
RES01-F10-10_04_BALC-BALC,10_04_BALC,RES01,10,BALC,45.0,47.9,50.0,2.5,5.45,29.0,31.5,0.0,5.45,20.9491755,79.029091,13.62,39.5,0.0011823,0
RES01-F10-1004-2BHK,1004,RES01,10,2BHK,45.0,47.9,50.0,16.5,8.73,31.5,48.0,0.0,8.73,20.9491608,79.0291824,144.05,417.75,0.0125043,0
