ulpin_3d,room_id,building_id,floor,type,z_min,z_max,z_slab_top,real_width_m,real_depth_m,real_x_start_m,real_x_end_m,real_y_start_m,real_y_end_m,real_y_center_m,latitude,longitude
AI_B10620-F1-STR_NW-STR,STR_NW,AI_B10620,1,STR,0.0,2.9,3.4,3.0,5.0,0.0,3.0,0.0,5.0,2.5,20.94953314,79.02948663
AI_B10620-F1-STR_SW-STR,STR_SW,AI_B10620,1,STR,0.0,2.9,3.4,3.0,5.0,0.0,3.0,7.0,12.0,9.5,20.94947026,79.02948663
AI_B10620-F1-101-4S,101,AI_B10620,1,4S,0.0,2.9,3.4,6.0,5.0,3.0,9.0,0.0,5.0,2.5,20.94953314,79.02952991
AI_B10620-F1-102-4S,102,AI_B10620,1,4S,0.0,2.9,3.4,6.0,5.0,3.0,9.0,7.0,12.0,9.5,20.94947026,79.02952991
AI_B10620-F1-103-4S,103,AI_B10620,1,4S,0.0,2.9,3.4,6.0,5.0,9.0,15.0,0.0,5.0,2.5,20.94953314,79.02958763
AI_B10620-F1-104-4S,104,AI_B10620,1,4S,0.0,2.9,3.4,6.0,5.0,9.0,15.0,7.0,12.0,9.5,20.94947026,79.02958763
AI_B10620-F1-105-2S,105,AI_B10620,1,2S,0.0,2.9,3.4,4.5,5.0,15.0,19.5,0.0,5.0,2.5,20.94953314,79.02963813
AI_B10620-F1-106-2S,106,AI_B10620,1,2S,0.0,2.9,3.4,4.5,5.0,15.0,19.5,7.0,12.0,9.5,20.94947026,79.02963813
AI_B10620-F1-107-4S,107,AI_B10620,1,4S,0.0,2.9,3.4,6.0,5.0,19.5,25.5,0.0,5.0,2.5,20.94953314,79.02968863
AI_B10620-F1-108-4S,108,AI_B10620,1,4S,0.0,2.9,3.4,6.0,5.0,19.5,25.5,7.0,12.0,9.5,20.94947026,79.02968863
AI_B10620-F1-109-4S,109,AI_B10620,1,4S,0.0,2.9,3.4,6.0,5.0,25.5,31.5,0.0,5.0,2.5,20.94953314,79.02974634
AI_B10620-F1-110-4S,110,AI_B10620,1,4S,0.0,2.9,3.4,6.0,5.0,25.5,31.5,7.0,12.0,9.5,20.94947026,79.02974634
AI_B10620-F1-111-2S,111,AI_B10620,1,2S,0.0,2.9,3.4,4.5,5.0,31.5,36.0,0.0,5.0,2.5,20.94953314,79.02979684
AI_B10620-F1-112-2S,112,AI_B10620,1,2S,0.0,2.9,3.4,4.5,5.0,31.5,36.0,7.0,12.0,9.5,20.94947026,79.02979684
AI_B10620-F1-113-4S,113,AI_B10620,1,4S,0.0,2.9,3.4,6.0,5.0,36.0,42.0,0.0,5.0,2.5,20.94953314,79.02984734
AI_B10620-F1-114-4S,114,AI_B10620,1,4S,0.0,2.9,3.4,6.0,5.0,36.0,42.0,7.0,12.0,9.5,20.94947026,79.02984734
AI_B10620-F1-115-4S,115,AI_B10620,1,4S,0.0,2.9,3.4,6.0,5.0,42.0,48.0,0.0,5.0,2.5,20.94953314,79.02990505
AI_B10620-F1-116-4S,116,AI_B10620,1,4S,0.0,2.9,3.4,6.0,5.0,42.0,48.0,7.0,12.0,9.5,20.94947026,79.02990505
AI_B10620-F1-WASH_N_17-WASH,WASH_N_17,AI_B10620,1,WASH,0.0,2.9,3.4,3.0,3.0,48.0,51.0,0.0,3.0,1.5,20.94954213,79.02994834
AI_B10620-F1-WASH_S_17-WASH,WASH_S_17,AI_B10620,1,WASH,0.0,2.9,3.4,3.0,3.0,48.0,51.0,7.0,10.0,8.5,20.94947924,79.02994834
AI_B10620-F1-STR_NE-STR,STR_NE,AI_B10620,1,STR,0.0,2.9,3.4,3.0,5.0,51.0,54.0,0.0,5.0,2.5,20.94953314,79.0299772
AI_B10620-F1-STR_SE-STR,STR_SE,AI_B10620,1,STR,0.0,2.9,3.4,3.0,5.0,51.0,54.0,7.0,12.0,9.5,20.94947026,79.0299772
AI_B10620-F1-LIFT_C-LIFT,LIFT_C,AI_B10620,1,LIFT,0.0,2.9,3.4,2.5,2.5,51.0,53.5,5.0,7.5,6.25,20.94949946,79.02997479
AI_B10620-F1-CORR_01-CORR,CORR_01,AI_B10620,1,CORR,0.0,2.9,3.4,54.0,2.0,0.0,54.0,5.0,7.0,6.0,20.9495017,79.02973191
AI_B10620-F2-STR_NW-STR,STR_NW,AI_B10620,2,STR,3.4,6.3,6.8,3.0,5.0,0.0,3.0,0.0,5.0,2.5,20.94953314,79.02948663
AI_B10620-F2-STR_SW-STR,STR_SW,AI_B10620,2,STR,3.4,6.3,6.8,3.0,5.0,0.0,3.0,7.0,12.0,9.5,20.94947026,79.02948663
AI_B10620-F2-201-4S,201,AI_B10620,2,4S,3.4,6.3,6.8,6.0,5.0,3.0,9.0,0.0,5.0,2.5,20.94953314,79.02952991
AI_B10620-F2-202-4S,202,AI_B10620,2,4S,3.4,6.3,6.8,6.0,5.0,3.0,9.0,7.0,12.0,9.5,20.94947026,79.02952991
AI_B10620-F2-203-4S,203,AI_B10620,2,4S,3.4,6.3,6.8,6.0,5.0,9.0,15.0,0.0,5.0,2.5,20.94953314,79.02958763
AI_B10620-F2-204-4S,204,AI_B10620,2,4S,3.4,6.3,6.8,6.0,5.0,9.0,15.0,7.0,12.0,9.5,20.94947026,79.02958763
AI_B10620-F2-205-2S,205,AI_B10620,2,2S,3.4,6.3,6.8,4.5,5.0,15.0,19.5,0.0,5.0,2.5,20.94953314,79.02963813
AI_B10620-F2-206-2S,206,AI_B10620,2,2S,3.4,6.3,6.8,4.5,5.0,15.0,19.5,7.0,12.0,9.5,20.94947026,79.02963813
AI_B10620-F2-207-4S,207,AI_B10620,2,4S,3.4,6.3,6.8,6.0,5.0,19.5,25.5,0.0,5.0,2.5,20.94953314,79.02968863
AI_B10620-F2-208-4S,208,AI_B10620,2,4S,3.4,6.3,6.8,6.0,5.0,19.5,25.5,7.0,12.0,9.5,20.94947026,79.02968863
AI_B10620-F2-209-4S,209,AI_B10620,2,4S,3.4,6.3,6.8,6.0,5.0,25.5,31.5,0.0,5.0,2.5,20.94953314,79.02974634
AI_B10620-F2-210-4S,210,AI_B10620,2,4S,3.4,6.3,6.8,6.0,5.0,25.5,31.5,7.0,12.0,9.5,20.94947026,79.02974634
AI_B10620-F2-211-2S,211,AI_B10620,2,2S,3.4,6.3,6.8,4.5,5.0,31.5,36.0,0.0,5.0,2.5,20.94953314,79.02979684
AI_B10620-F2-212-2S,212,AI_B10620,2,2S,3.4,6.3,6.8,4.5,5.0,31.5,36.0,7.0,12.0,9.5,20.94947026,79.02979684
AI_B10620-F2-213-4S,213,AI_B10620,2,4S,3.4,6.3,6.8,6.0,5.0,36.0,42.0,0.0,5.0,2.5,20.94953314,79.02984734
AI_B10620-F2-214-4S,214,AI_B10620,2,4S,3.4,6.3,6.8,6.0,5.0,36.0,42.0,7.0,12.0,9.5,20.94947026,79.02984734
AI_B10620-F2-215-4S,215,AI_B10620,2,4S,3.4,6.3,6.8,6.0,5.0,42.0,48.0,0.0,5.0,2.5,20.94953314,79.02990505
AI_B10620-F2-216-4S,216,AI_B10620,2,4S,3.4,6.3,6.8,6.0,5.0,42.0,48.0,7.0,12.0,9.5,20.94947026,79.02990505
AI_B10620-F2-WASH_N_17-WASH,WASH_N_17,AI_B10620,2,WASH,3.4,6.3,6.8,3.0,3.0,48.0,51.0,0.0,3.0,1.5,20.94954213,79.02994834
AI_B10620-F2-WASH_S_17-WASH,WASH_S_17,AI_B10620,2,WASH,3.4,6.3,6.8,3.0,3.0,48.0,51.0,7.0,10.0,8.5,20.94947924,79.02994834
AI_B10620-F2-STR_NE-STR,STR_NE,AI_B10620,2,STR,3.4,6.3,6.8,3.0,5.0,51.0,54.0,0.0,5.0,2.5,20.94953314,79.0299772
AI_B10620-F2-STR_SE-STR,STR_SE,AI_B10620,2,STR,3.4,6.3,6.8,3.0,5.0,51.0,54.0,7.0,12.0,9.5,20.94947026,79.0299772
AI_B10620-F2-LIFT_C-LIFT,LIFT_C,AI_B10620,2,LIFT,3.4,6.3,6.8,2.5,2.5,51.0,53.5,5.0,7.5,6.25,20.94949946,79.02997479
AI_B10620-F2-CORR_01-CORR,CORR_01,AI_B10620,2,CORR,3.4,6.3,6.8,54.0,2.0,0.0,54.0,5.0,7.0,6.0,20.9495017,79.02973191
AI_B10620-F3-STR_NW-STR,STR_NW,AI_B10620,3,STR,6.8,9.7,10.2,3.0,5.0,0.0,3.0,0.0,5.0,2.5,20.94953314,79.02948663
AI_B10620-F3-STR_SW-STR,STR_SW,AI_B10620,3,STR,6.8,9.7,10.2,3.0,5.0,0.0,3.0,7.0,12.0,9.5,20.94947026,79.02948663
AI_B10620-F3-301-4S,301,AI_B10620,3,4S,6.8,9.7,10.2,6.0,5.0,3.0,9.0,0.0,5.0,2.5,20.94953314,79.02952991
AI_B10620-F3-302-4S,302,AI_B10620,3,4S,6.8,9.7,10.2,6.0,5.0,3.0,9.0,7.0,12.0,9.5,20.94947026,79.02952991
AI_B10620-F3-303-4S,303,AI_B10620,3,4S,6.8,9.7,10.2,6.0,5.0,9.0,15.0,0.0,5.0,2.5,20.94953314,79.02958763
AI_B10620-F3-304-4S,304,AI_B10620,3,4S,6.8,9.7,10.2,6.0,5.0,9.0,15.0,7.0,12.0,9.5,20.94947026,79.02958763
AI_B10620-F3-305-2S,305,AI_B10620,3,2S,6.8,9.7,10.2,4.5,5.0,15.0,19.5,0.0,5.0,2.5,20.94953314,79.02963813
AI_B10620-F3-306-2S,306,AI_B10620,3,2S,6.8,9.7,10.2,4.5,5.0,15.0,19.5,7.0,12.0,9.5,20.94947026,79.02963813
AI_B10620-F3-307-4S,307,AI_B10620,3,4S,6.8,9.7,10.2,6.0,5.0,19.5,25.5,0.0,5.0,2.5,20.94953314,79.02968863
AI_B10620-F3-308-4S,308,AI_B10620,3,4S,6.8,9.7,10.2,6.0,5.0,19.5,25.5,7.0,12.0,9.5,20.94947026,79.02968863
AI_B10620-F3-309-4S,309,AI_B10620,3,4S,6.8,9.7,10.2,6.0,5.0,25.5,31.5,0.0,5.0,2.5,20.94953314,79.02974634
AI_B10620-F3-310-4S,310,AI_B10620,3,4S,6.8,9.7,10.2,6.0,5.0,25.5,31.5,7.0,12.0,9.5,20.94947026,79.02974634
AI_B10620-F3-311-2S,311,AI_B10620,3,2S,6.8,9.7,10.2,4.5,5.0,31.5,36.0,0.0,5.0,2.5,20.94953314,79.02979684
AI_B10620-F3-312-2S,312,AI_B10620,3,2S,6.8,9.7,10.2,4.5,5.0,31.5,36.0,7.0,12.0,9.5,20.94947026,79.02979684
AI_B10620-F3-313-4S,313,AI_B10620,3,4S,6.8,9.7,10.2,6.0,5.0,36.0,42.0,0.0,5.0,2.5,20.94953314,79.02984734
AI_B10620-F3-314-4S,314,AI_B10620,3,4S,6.8,9.7,10.2,6.0,5.0,36.0,42.0,7.0,12.0,9.5,20.94947026,79.02984734
AI_B10620-F3-315-4S,315,AI_B10620,3,4S,6.8,9.7,10.2,6.0,5.0,42.0,48.0,0.0,5.0,2.5,20.94953314,79.02990505
AI_B10620-F3-316-4S,316,AI_B10620,3,4S,6.8,9.7,10.2,6.0,5.0,42.0,48.0,7.0,12.0,9.5,20.94947026,79.02990505
AI_B10620-F3-WASH_N_17-WASH,WASH_N_17,AI_B10620,3,WASH,6.8,9.7,10.2,3.0,3.0,48.0,51.0,0.0,3.0,1.5,20.94954213,79.02994834
AI_B10620-F3-WASH_S_17-WASH,WASH_S_17,AI_B10620,3,WASH,6.8,9.7,10.2,3.0,3.0,48.0,51.0,7.0,10.0,8.5,20.94947924,79.02994834
AI_B10620-F3-STR_NE-STR,STR_NE,AI_B10620,3,STR,6.8,9.7,10.2,3.0,5.0,51.0,54.0,0.0,5.0,2.5,20.94953314,79.0299772
AI_B10620-F3-STR_SE-STR,STR_SE,AI_B10620,3,STR,6.8,9.7,10.2,3.0,5.0,51.0,54.0,7.0,12.0,9.5,20.94947026,79.0299772
AI_B10620-F3-LIFT_C-LIFT,LIFT_C,AI_B10620,3,LIFT,6.8,9.7,10.2,2.5,2.5,51.0,53.5,5.0,7.5,6.25,20.94949946,79.02997479
AI_B10620-F3-CORR_01-CORR,CORR_01,AI_B10620,3,CORR,6.8,9.7,10.2,54.0,2.0,0.0,54.0,5.0,7.0,6.0,20.9495017,79.02973191
AI_B10620-F4-STR_NW-STR,STR_NW,AI_B10620,4,STR,10.2,13.1,13.6,3.0,5.0,0.0,3.0,0.0,5.0,2.5,20.94953314,79.02948663
AI_B10620-F4-STR_SW-STR,STR_SW,AI_B10620,4,STR,10.2,13.1,13.6,3.0,5.0,0.0,3.0,7.0,12.0,9.5,20.94947026,79.02948663
AI_B10620-F4-401-4S,401,AI_B10620,4,4S,10.2,13.1,13.6,6.0,5.0,3.0,9.0,0.0,5.0,2.5,20.94953314,79.02952991
AI_B10620-F4-402-4S,402,AI_B10620,4,4S,10.2,13.1,13.6,6.0,5.0,3.0,9.0,7.0,12.0,9.5,20.94947026,79.02952991
AI_B10620-F4-403-4S,403,AI_B10620,4,4S,10.2,13.1,13.6,6.0,5.0,9.0,15.0,0.0,5.0,2.5,20.94953314,79.02958763
AI_B10620-F4-404-4S,404,AI_B10620,4,4S,10.2,13.1,13.6,6.0,5.0,9.0,15.0,7.0,12.0,9.5,20.94947026,79.02958763
AI_B10620-F4-405-2S,405,AI_B10620,4,2S,10.2,13.1,13.6,4.5,5.0,15.0,19.5,0.0,5.0,2.5,20.94953314,79.02963813
AI_B10620-F4-406-2S,406,AI_B10620,4,2S,10.2,13.1,13.6,4.5,5.0,15.0,19.5,7.0,12.0,9.5,20.94947026,79.02963813
AI_B10620-F4-407-4S,407,AI_B10620,4,4S,10.2,13.1,13.6,6.0,5.0,19.5,25.5,0.0,5.0,2.5,20.94953314,79.02968863
AI_B10620-F4-408-4S,408,AI_B10620,4,4S,10.2,13.1,13.6,6.0,5.0,19.5,25.5,7.0,12.0,9.5,20.94947026,79.02968863
AI_B10620-F4-409-4S,409,AI_B10620,4,4S,10.2,13.1,13.6,6.0,5.0,25.5,31.5,0.0,5.0,2.5,20.94953314,79.02974634
AI_B10620-F4-410-4S,410,AI_B10620,4,4S,10.2,13.1,13.6,6.0,5.0,25.5,31.5,7.0,12.0,9.5,20.94947026,79.02974634
AI_B10620-F4-411-2S,411,AI_B10620,4,2S,10.2,13.1,13.6,4.5,5.0,31.5,36.0,0.0,5.0,2.5,20.94953314,79.02979684
AI_B10620-F4-412-2S,412,AI_B10620,4,2S,10.2,13.1,13.6,4.5,5.0,31.5,36.0,7.0,12.0,9.5,20.94947026,79.02979684
AI_B10620-F4-413-4S,413,AI_B10620,4,4S,10.2,13.1,13.6,6.0,5.0,36.0,42.0,0.0,5.0,2.5,20.94953314,79.02984734
AI_B10620-F4-414-4S,414,AI_B10620,4,4S,10.2,13.1,13.6,6.0,5.0,36.0,42.0,7.0,12.0,9.5,20.94947026,79.02984734
AI_B10620-F4-415-4S,415,AI_B10620,4,4S,10.2,13.1,13.6,6.0,5.0,42.0,48.0,0.0,5.0,2.5,20.94953314,79.02990505
AI_B10620-F4-416-4S,416,AI_B10620,4,4S,10.2,13.1,13.6,6.0,5.0,42.0,48.0,7.0,12.0,9.5,20.94947026,79.02990505
AI_B10620-F4-WASH_N_17-WASH,WASH_N_17,AI_B10620,4,WASH,10.2,13.1,13.6,3.0,3.0,48.0,51.0,0.0,3.0,1.5,20.94954213,79.02994834
AI_B10620-F4-WASH_S_17-WASH,WASH_S_17,AI_B10620,4,WASH,10.2,13.1,13.6,3.0,3.0,48.0,51.0,7.0,10.0,8.5,20.94947924,79.02994834
AI_B10620-F4-STR_NE-STR,STR_NE,AI_B10620,4,STR,10.2,13.1,13.6,3.0,5.0,51.0,54.0,0.0,5.0,2.5,20.94953314,79.0299772
AI_B10620-F4-STR_SE-STR,STR_SE,AI_B10620,4,STR,10.2,13.1,13.6,3.0,5.0,51.0,54.0,7.0,12.0,9.5,20.94947026,79.0299772
AI_B10620-F4-LIFT_C-LIFT,LIFT_C,AI_B10620,4,LIFT,10.2,13.1,13.6,2.5,2.5,51.0,53.5,5.0,7.5,6.25,20.94949946,79.02997479
AI_B10620-F4-CORR_01-CORR,CORR_01,AI_B10620,4,CORR,10.2,13.1,13.6,54.0,2.0,0.0,54.0,5.0,7.0,6.0,20.9495017,79.02973191
AI_B10620-F5-STR_NW-STR,STR_NW,AI_B10620,5,STR,13.6,16.5,17.0,3.0,5.0,0.0,3.0,0.0,5.0,2.5,20.94953314,79.02948663
AI_B10620-F5-STR_SW-STR,STR_SW,AI_B10620,5,STR,13.6,16.5,17.0,3.0,5.0,0.0,3.0,7.0,12.0,9.5,20.94947026,79.02948663
AI_B10620-F5-501-4S,501,AI_B10620,5,4S,13.6,16.5,17.0,6.0,5.0,3.0,9.0,0.0,5.0,2.5,20.94953314,79.02952991
AI_B10620-F5-502-4S,502,AI_B10620,5,4S,13.6,16.5,17.0,6.0,5.0,3.0,9.0,7.0,12.0,9.5,20.94947026,79.02952991
AI_B10620-F5-503-4S,503,AI_B10620,5,4S,13.6,16.5,17.0,6.0,5.0,9.0,15.0,0.0,5.0,2.5,20.94953314,79.02958763
AI_B10620-F5-504-4S,504,AI_B10620,5,4S,13.6,16.5,17.0,6.0,5.0,9.0,15.0,7.0,12.0,9.5,20.94947026,79.02958763
AI_B10620-F5-505-2S,505,AI_B10620,5,2S,13.6,16.5,17.0,4.5,5.0,15.0,19.5,0.0,5.0,2.5,20.94953314,79.02963813
AI_B10620-F5-506-2S,506,AI_B10620,5,2S,13.6,16.5,17.0,4.5,5.0,15.0,19.5,7.0,12.0,9.5,20.94947026,79.02963813
AI_B10620-F5-507-4S,507,AI_B10620,5,4S,13.6,16.5,17.0,6.0,5.0,19.5,25.5,0.0,5.0,2.5,20.94953314,79.02968863
AI_B10620-F5-508-4S,508,AI_B10620,5,4S,13.6,16.5,17.0,6.0,5.0,19.5,25.5,7.0,12.0,9.5,20.94947026,79.02968863
AI_B10620-F5-509-4S,509,AI_B10620,5,4S,13.6,16.5,17.0,6.0,5.0,25.5,31.5,0.0,5.0,2.5,20.94953314,79.02974634
AI_B10620-F5-510-4S,510,AI_B10620,5,4S,13.6,16.5,17.0,6.0,5.0,25.5,31.5,7.0,12.0,9.5,20.94947026,79.02974634
AI_B10620-F5-511-2S,511,AI_B10620,5,2S,13.6,16.5,17.0,4.5,5.0,31.5,36.0,0.0,5.0,2.5,20.94953314,79.02979684
AI_B10620-F5-512-2S,512,AI_B10620,5,2S,13.6,16.5,17.0,4.5,5.0,31.5,36.0,7.0,12.0,9.5,20.94947026,79.02979684
AI_B10620-F5-513-4S,513,AI_B10620,5,4S,13.6,16.5,17.0,6.0,5.0,36.0,42.0,0.0,5.0,2.5,20.94953314,79.02984734
AI_B10620-F5-514-4S,514,AI_B10620,5,4S,13.6,16.5,17.0,6.0,5.0,36.0,42.0,7.0,12.0,9.5,20.94947026,79.02984734
AI_B10620-F5-515-4S,515,AI_B10620,5,4S,13.6,16.5,17.0,6.0,5.0,42.0,48.0,0.0,5.0,2.5,20.94953314,79.02990505
AI_B10620-F5-516-4S,516,AI_B10620,5,4S,13.6,16.5,17.0,6.0,5.0,42.0,48.0,7.0,12.0,9.5,20.94947026,79.02990505
AI_B10620-F5-WASH_N_17-WASH,WASH_N_17,AI_B10620,5,WASH,13.6,16.5,17.0,3.0,3.0,48.0,51.0,0.0,3.0,1.5,20.94954213,79.02994834
AI_B10620-F5-WASH_S_17-WASH,WASH_S_17,AI_B10620,5,WASH,13.6,16.5,17.0,3.0,3.0,48.0,51.0,7.0,10.0,8.5,20.94947924,79.02994834
AI_B10620-F5-STR_NE-STR,STR_NE,AI_B10620,5,STR,13.6,16.5,17.0,3.0,5.0,51.0,54.0,0.0,5.0,2.5,20.94953314,79.0299772
AI_B10620-F5-STR_SE-STR,STR_SE,AI_B10620,5,STR,13.6,16.5,17.0,3.0,5.0,51.0,54.0,7.0,12.0,9.5,20.94947026,79.0299772
AI_B10620-F5-LIFT_C-LIFT,LIFT_C,AI_B10620,5,LIFT,13.6,16.5,17.0,2.5,2.5,51.0,53.5,5.0,7.5,6.25,20.94949946,79.02997479
AI_B10620-F5-CORR_01-CORR,CORR_01,AI_B10620,5,CORR,13.6,16.5,17.0,54.0,2.0,0.0,54.0,5.0,7.0,6.0,20.9495017,79.02973191
