label,prop_id,type,floor,z_min,z_max,z_slab_top,real_width_m,real_depth_m,real_x_start_m,real_x_end_m,real_y_start_m,real_y_end_m,real_y_center_m
X01,X01,4S,1,0.0,2.9,3.4,3.0,8.8,72.03,75.03,0.0,8.8,4.4
CORRIDOR_1,CORRIDOR_1,CORR,1,0.0,2.9,3.4,69.02,2.0,4.51,73.53,8.8,10.8,9.8
X02,X02,4S,1,0.0,2.9,3.4,3.0,8.8,69.03,72.03,0.0,8.8,4.4
X03,X03,4S,1,0.0,2.9,3.4,3.0,8.8,66.03,69.03,0.0,8.8,4.4
X04,X04,4S,1,0.0,2.9,3.4,3.0,8.8,63.03,66.03,0.0,8.8,4.4
X05,X05,4S,1,0.0,2.9,3.4,3.0,8.8,60.03,63.03,0.0,8.8,4.4
X06,X06,4S,1,0.0,2.9,3.4,3.0,8.8,57.03,60.03,0.0,8.8,4.4
X32,X32,4S,1,0.0,2.9,3.4,3.0,8.8,60.03,63.03,10.8,19.6,15.2
X31,X31,4S,1,0.0,2.9,3.4,3.0,8.8,57.03,60.03,10.8,19.6,15.2
LIFT & Stairs,LIFT_STAIRS1,LIFT,1,0.0,2.9,3.4,9.0,6.4,63.03,72.03,10.8,17.2,14.0
Washroom,WASHROOM1,WASH,1,0.0,2.9,3.4,6.0,6.4,72.03,78.03,10.8,17.2,14.0
BRIDGE_1,BRIDGE_1,BRIDGE,1,0.0,2.9,3.4,2.63,17.2,54.4,57.03,10.8,28.0,19.4
X30,X30,2S,1,0.0,2.9,3.4,3.0,4.0,51.4,54.4,10.8,14.8,12.8
X29,X29,2S,1,0.0,2.9,3.4,3.0,4.0,48.4,51.4,10.8,14.8,12.8
X27,X27,2S,1,0.0,2.9,3.4,3.01,4.0,42.39,45.4,10.8,14.8,12.8
X28,X28,2S,1,0.0,2.9,3.4,3.0,4.0,45.4,48.4,10.8,14.8,12.8
X07,X07,2S,1,0.0,2.9,3.4,3.0,4.0,51.4,54.4,4.8,8.8,6.8
X08,X08,2S,1,0.0,2.9,3.4,3.0,4.0,48.4,51.4,4.8,8.8,6.8
X10,X10,2S,1,0.0,2.9,3.4,3.01,4.0,42.39,45.4,4.8,8.8,6.8
X09,X09,2S,1,0.0,2.9,3.4,3.0,4.0,45.4,48.4,4.8,8.8,6.8
X26,X26,2S,1,0.0,2.9,3.4,3.0,4.0,34.89,37.89,10.8,14.8,12.8
X25,X25,2S,1,0.0,2.9,3.4,3.0,4.0,31.89,34.89,10.8,14.8,12.8
X23,X23,2S,1,0.0,2.9,3.4,3.0,4.0,25.89,28.89,10.8,14.8,12.8
X24,X24,2S,1,0.0,2.9,3.4,3.0,4.0,28.89,31.89,10.8,14.8,12.8
X11,X11,2S,1,0.0,2.9,3.4,3.0,4.0,34.89,37.89,4.8,8.8,6.8
X12,X12,2S,1,0.0,2.9,3.4,3.0,4.0,31.89,34.89,4.8,8.8,6.8
X14,X14,2S,1,0.0,2.9,3.4,3.0,4.0,25.89,28.89,4.8,8.8,6.8
X13,X13,2S,1,0.0,2.9,3.4,3.0,4.0,28.89,31.89,4.8,8.8,6.8
X22,X22,2S,1,0.0,2.9,3.4,3.0,4.0,18.39,21.39,10.8,14.8,12.8
X21,X21,2S,1,0.0,2.9,3.4,3.0,4.0,15.39,18.39,10.8,14.8,12.8
X19,X19,2S,1,0.0,2.9,3.4,3.0,4.0,9.38,12.38,10.8,14.8,12.8
X20,X20,2S,1,0.0,2.9,3.4,3.01,4.0,12.38,15.39,10.8,14.8,12.8
X15,X15,2S,1,0.0,2.9,3.4,3.0,4.0,18.39,21.39,4.8,8.8,6.8
X16,X16,2S,1,0.0,2.9,3.4,3.0,4.0,15.39,18.39,4.8,8.8,6.8
X18,X18,2S,1,0.0,2.9,3.4,3.0,4.0,9.38,12.38,4.8,8.8,6.8
X17,X17,2S,1,0.0,2.9,3.4,3.01,4.0,12.38,15.39,4.8,8.8,6.8
BRIDGE_2,BRIDGE_2,BRIDGE,1,0.0,2.9,3.4,4.5,17.2,21.39,25.89,10.8,28.0,19.4
CORRIDOR_2,CORRIDOR_2,CORR,1,0.0,2.9,3.4,56.08,2.0,4.32,60.4,28.0,30.0,29.0
X33,X33,4S,1,0.0,2.9,3.4,3.0,8.8,51.4,54.4,19.2,28.0,23.6
X34,X34,4S,1,0.0,2.9,3.4,3.0,8.8,48.4,51.4,19.2,28.0,23.6
X35,X35,4S,1,0.0,2.9,3.4,3.0,8.8,45.4,48.4,19.2,28.0,23.6
X36,X36,4S,1,0.0,2.9,3.4,3.01,8.8,42.39,45.4,19.2,28.0,23.6
X56,X56,4S,1,0.0,2.9,3.4,3.0,8.8,51.4,54.4,30.0,38.8,34.4
X55,X55,4S,1,0.0,2.9,3.4,3.0,8.8,48.4,51.4,30.0,38.8,34.4
X54,X54,4S,1,0.0,2.9,3.4,3.0,8.8,45.4,48.4,30.0,38.8,34.4
X53,X53,4S,1,0.0,2.9,3.4,3.01,8.8,42.39,45.4,30.0,38.8,34.4
Washroom,WASHROOM2,WASH,1,0.0,2.9,3.4,6.0,6.4,57.03,63.03,30.0,36.4,33.2
Washroom,WASHROOM3,WASH,1,0.0,2.9,3.4,6.01,6.4,0.0,6.01,2.4,8.8,5.6
Washroom,WASHROOM4,WASH,1,0.0,2.9,3.4,6.01,6.4,0.0,6.01,30.0,36.4,33.2
Common Hall,COMMON_HALL,HALL,1,0.0,2.9,3.4,7.87,17.2,1.51,9.38,10.8,28.0,19.4
X52,X52,2S,1,0.0,2.9,3.4,3.0,4.0,34.89,37.89,30.0,34.0,32.0
X51,X51,2S,1,0.0,2.9,3.4,3.0,4.0,31.89,34.89,30.0,34.0,32.0
X49,X49,2S,1,0.0,2.9,3.4,3.0,4.0,25.89,28.89,30.0,34.0,32.0
X50,X50,2S,1,0.0,2.9,3.4,3.0,4.0,28.89,31.89,30.0,34.0,32.0
X37,X37,2S,1,0.0,2.9,3.4,3.0,4.0,34.89,37.89,24.0,28.0,26.0
X38,X38,2S,1,0.0,2.9,3.4,3.0,4.0,31.89,34.89,24.0,28.0,26.0
X40,X40,2S,1,0.0,2.9,3.4,3.0,4.0,25.89,28.89,24.0,28.0,26.0
X39,X39,2S,1,0.0,2.9,3.4,3.0,4.0,28.89,31.89,24.0,28.0,26.0
X48,X48,2S,1,0.0,2.9,3.4,3.0,4.0,18.39,21.39,30.0,34.0,32.0
X47,X47,2S,1,0.0,2.9,3.4,3.0,4.0,15.39,18.39,30.0,34.0,32.0
X45,X45,2S,1,0.0,2.9,3.4,3.0,4.0,9.38,12.38,30.0,34.0,32.0
X46,X46,2S,1,0.0,2.9,3.4,3.01,4.0,12.38,15.39,30.0,34.0,32.0
X41,X41,2S,1,0.0,2.9,3.4,3.0,4.0,18.39,21.39,24.0,28.0,26.0
X42,X42,2S,1,0.0,2.9,3.4,3.0,4.0,15.39,18.39,24.0,28.0,26.0
X44,X44,2S,1,0.0,2.9,3.4,3.0,4.0,9.38,12.38,24.0,28.0,26.0
X43,X43,2S,1,0.0,2.9,3.4,3.01,4.0,12.38,15.39,24.0,28.0,26.0
Stairs,STAIRS1,STR,1,0.0,2.9,3.4,4.5,4.8,37.89,42.39,30.0,34.8,32.4
Stairs,STAIRS2,STR,1,0.0,2.9,3.4,4.5,4.8,37.89,42.39,10.8,15.6,13.2
Stairs,STAIRS3,STR,1,0.0,2.9,3.4,3.37,4.8,6.01,9.38,4.0,8.8,6.4
Stairs,STAIRS4,STR,1,0.0,2.9,3.4,3.37,4.8,6.01,9.38,30.0,34.8,32.4
